iNat_label,sat_label,iNat_url,sat_url,iNat_scientific_name,iNat_datetime,iNat_latitude,iNat_longitude,iNat_species_guess,sat_minRed,sat_firstQrtRed,sat_medianRed,sat_meanRed,sat_thirdQrtRed,sat_maxRed,sat_sdRed,sat_minGreen,sat_firstQrtGreen,sat_medianGreen,sat_meanGreen,sat_thirdQrtGreen,sat_maxGreen,sat_sdGreen,sat_minBlue,sat_firstQrtBlue,sat_medianBlue,sat_meanBlue,sat_thirdQrtBlue,sat_maxBlue,sat_sdBlue,iNat_add_numPoints,iNat_add_lux,iNat_add_temp
p1,goldBad,https://inaturalist-open-data.s3.amazonaws.com/photos/204636374/medium.jpeg,/Users/leannahouse/Documents/research/imageomics/quest/andromeda2023/mockData/goldBad.png,Lobatae,2022-06-09 10:10:00 -0400,37.2504015,-80.6664537,red oaks,0.00784313725490196,0.211764705882353,0.345098039215686,0.342291764705882,0.458823529411765,1,0.167775236057026,0.0274509803921569,0.270588235294118,0.407843137254902,0.380796470588235,0.486274509803922,1,0.153093894305503,0.0274509803921569,0.211764705882353,0.305882352941176,0.308590980392157,0.384313725490196,1,0.141144581091556,1,2.11734979466334,80.5739446008484
p2,goldBad,https://inaturalist-open-data.s3.amazonaws.com/photos/204636303/medium.jpeg,/Users/leannahouse/Documents/research/imageomics/quest/andromeda2023/mockData/goldBad.png,Populus,2022-06-09 10:10:02 -0400,37.2504015,-80.6664537,Moosewood,0.00784313725490196,0.211764705882353,0.345098039215686,0.342291764705882,0.458823529411765,1,0.167775236057026,0.0274509803921569,0.270588235294118,0.407843137254902,0.380796470588235,0.486274509803922,1,0.153093894305503,0.0274509803921569,0.211764705882353,0.305882352941176,0.308590980392157,0.384313725490196,1,0.141144581091556,1,2.36070800132488,82.2755126918963
p3,goldBad,https://inaturalist-open-data.s3.amazonaws.com/photos/204636336/medium.jpeg,/Users/leannahouse/Documents/research/imageomics/quest/andromeda2023/mockData/goldBad.png,Castanea dentata,2022-06-09 10:10:00 -0400,37.2485728184,-80.6674836683,American chestnut,0.00784313725490196,0.211764705882353,0.345098039215686,0.342291764705882,0.458823529411765,1,0.167775236057026,0.0274509803921569,0.270588235294118,0.407843137254902,0.380796470588235,0.486274509803922,1,0.153093894305503,0.0274509803921569,0.211764705882353,0.305882352941176,0.308590980392157,0.384313725490196,1,0.141144581091556,1,1.77573102158399,72.404109307696
p4,goldBad,https://inaturalist-open-data.s3.amazonaws.com/photos/203921258/medium.jpg,/Users/leannahouse/Documents/research/imageomics/quest/andromeda2023/mockData/goldBad.png,,2022-05-25 12:10:21 -0400,37.2461629761,-80.4092512154,,0.00784313725490196,0.211764705882353,0.345098039215686,0.342291764705882,0.458823529411765,1,0.167775236057026,0.0274509803921569,0.270588235294118,0.407843137254902,0.380796470588235,0.486274509803922,1,0.153093894305503,0.0274509803921569,0.211764705882353,0.305882352941176,0.308590980392157,0.384313725490196,1,0.141144581091556,4,2.00551522263478,80.2963398512285
p5,golfNice,https://inaturalist-open-data.s3.amazonaws.com/photos/204639334/medium.jpeg,/Users/leannahouse/Documents/research/imageomics/quest/andromeda2023/mockData/golfNice.png,Sassafras albidum,2022-06-09 10:23:00 -0400,NA,NA,Sassafras,0.0431372549019608,0.262745098039216,0.372549019607843,0.380834901960784,0.470588235294118,1,0.157069392091484,0.0549019607843137,0.313725490196078,0.419607843137255,0.418158823529412,0.505882352941176,1,0.144653172374275,0.0549019607843137,0.290196078431373,0.368627450980392,0.391945490196078,0.458823529411765,1,0.14607537016003,3,1.69519443119518,77.1119236202917
p6,golfNice,,/Users/leannahouse/Documents/research/imageomics/quest/andromeda2023/mockData/golfNice.png,,2023-05-22 13:46:30 -0600,51.4135504237,-116.2449355903,,0.0431372549019608,0.262745098039216,0.372549019607843,0.380834901960784,0.470588235294118,1,0.157069392091484,0.0549019607843137,0.313725490196078,0.419607843137255,0.418158823529412,0.505882352941176,1,0.144653172374275,0.0549019607843137,0.290196078431373,0.368627450980392,0.391945490196078,0.458823529411765,1,0.14607537016003,1,2.03537908833863,69.6313885833024
p7,golfNice,https://inaturalist-open-data.s3.amazonaws.com/photos/203921893/medium.jpg,/Users/leannahouse/Documents/research/imageomics/quest/andromeda2023/mockData/golfNice.png,,2022-06-03 10:48:19 -0300,NA,NA,,0.0431372549019608,0.262745098039216,0.372549019607843,0.380834901960784,0.470588235294118,1,0.157069392091484,0.0549019607843137,0.313725490196078,0.419607843137255,0.418158823529412,0.505882352941176,1,0.144653172374275,0.0549019607843137,0.290196078431373,0.368627450980392,0.391945490196078,0.458823529411765,1,0.14607537016003,1,1.99230645596482,76.8771678169679
p8,golfNice,https://inaturalist-open-data.s3.amazonaws.com/photos/204636318/medium.jpeg,/Users/leannahouse/Documents/research/imageomics/quest/andromeda2023/mockData/golfNice.png,Castanea dentata,2022-06-09 10:10:00 -0400,37.2496022353,-80.666705434,American Chestnut,0.0431372549019608,0.262745098039216,0.372549019607843,0.380834901960784,0.470588235294118,1,0.157069392091484,0.0549019607843137,0.313725490196078,0.419607843137255,0.418158823529412,0.505882352941176,1,0.144653172374275,0.0549019607843137,0.290196078431373,0.368627450980392,0.391945490196078,0.458823529411765,1,0.14607537016003,4,1.81113708871597,73.7173872738869
p9,golfNice,https://inaturalist-open-data.s3.amazonaws.com/photos/204636355/medium.jpeg,/Users/leannahouse/Documents/research/imageomics/quest/andromeda2023/mockData/golfNice.png,Quercus velutina,2022-06-09 10:10:00 -0400,37.2504015,-80.6664537,black oak,0.0431372549019608,0.262745098039216,0.372549019607843,0.380834901960784,0.470588235294118,1,0.157069392091484,0.0549019607843137,0.313725490196078,0.419607843137255,0.418158823529412,0.505882352941176,1,0.144653172374275,0.0549019607843137,0.290196078431373,0.368627450980392,0.391945490196078,0.458823529411765,1,0.14607537016003,2,2.04908675886922,67.6883432124749
p10,schHopewell1,https://inaturalist-open-data.s3.amazonaws.com/photos/204636390/medium.jpeg,/Users/leannahouse/Documents/research/imageomics/quest/andromeda2023/mockData/schHopewell1.png,Quercus velutina,2022-06-09 10:11:00 -0400,37.2504015,-80.6664537,black oak,0,0.23921568627451,0.388235294117647,0.395620784313725,0.549019607843137,1,0.203671189332884,0,0.282352941176471,0.435294117647059,0.422654117647059,0.56078431372549,1,0.193101465704647,0.0117647058823529,0.223529411764706,0.341176470588235,0.366381960784314,0.490196078431373,1,0.188923416124617,5,2.00870357650692,73.9140637429947
p11,schHopewell1,https://inaturalist-open-data.s3.amazonaws.com/photos/203921715/medium.jpg,/Users/leannahouse/Documents/research/imageomics/quest/andromeda2023/mockData/schHopewell1.png,Cercis canadensis,2022-05-25 12:07:21 -0400,37.2463215678,-80.4095230661,eastern redbud,0,0.23921568627451,0.388235294117647,0.395620784313725,0.549019607843137,1,0.203671189332884,0,0.282352941176471,0.435294117647059,0.422654117647059,0.56078431372549,1,0.193101465704647,0.0117647058823529,0.223529411764706,0.341176470588235,0.366381960784314,0.490196078431373,1,0.188923416124617,3,1.8625060233906,69.9971981869278
p12,schHopewell2,https://inaturalist-open-data.s3.amazonaws.com/photos/284291438/medium.jpeg,/Users/leannahouse/Documents/research/imageomics/quest/andromeda2023/mockData/schHopewell2.png,,2023-05-22 13:46:00 -0600,51.4253705,-116.1772552,,0,0.235294117647059,0.380392156862745,0.386529803921569,0.529411764705882,1,0.197851073614513,0,0.286274509803922,0.427450980392157,0.418803921568627,0.552941176470588,1,0.185126710475639,0.00392156862745098,0.223529411764706,0.337254901960784,0.357107058823529,0.470588235294118,1,0.183782992586605,5,1.87958319692202,80.3788540574713
p13,schHopewell3,https://inaturalist-open-data.s3.amazonaws.com/photos/284290393/medium.jpeg,/Users/leannahouse/Documents/research/imageomics/quest/andromeda2023/mockData/schHopewell3.png,Marmota caligata,2023-05-25 15:53:00 -0600,51.1184531133,-115.4600056524,Hoary Marmot,0,0.223529411764706,0.368627450980392,0.375697254901961,0.529411764705882,1,0.199080107679553,0,0.266666666666667,0.419607843137255,0.405017254901961,0.546078431372549,1,0.191549794204279,0,0.215686274509804,0.32156862745098,0.355121568627451,0.47843137254902,1,0.186682866298548,2,1.56391952102391,72.5817682242228
p14,schHopewell3,https://inaturalist-open-data.s3.amazonaws.com/photos/205799198/medium.jpeg,/Users/leannahouse/Documents/research/imageomics/quest/andromeda2023/mockData/schHopewell3.png,Acer pensylvanicum,2022-06-09 10:32:00 -0400,37.2295733,-80.4139393,striped maple,0,0.223529411764706,0.368627450980392,0.375697254901961,0.529411764705882,1,0.199080107679553,0,0.266666666666667,0.419607843137255,0.405017254901961,0.546078431372549,1,0.191549794204279,0,0.215686274509804,0.32156862745098,0.355121568627451,0.47843137254902,1,0.186682866298548,1,2.15450053551437,71.7057033947753
p15,schHopewell3,https://inaturalist-open-data.s3.amazonaws.com/photos/203922113/medium.jpg,/Users/leannahouse/Documents/research/imageomics/quest/andromeda2023/mockData/schHopewell3.png,,2022-06-03 10:41:30 -0300,NA,NA,,0,0.223529411764706,0.368627450980392,0.375697254901961,0.529411764705882,1,0.199080107679553,0,0.266666666666667,0.419607843137255,0.405017254901961,0.546078431372549,1,0.191549794204279,0,0.215686274509804,0.32156862745098,0.355121568627451,0.47843137254902,1,0.186682866298548,2,2.13516166082918,72.1971591681783
p16,schTollgate,https://inaturalist-open-data.s3.amazonaws.com/photos/284288731/medium.jpeg,/Users/leannahouse/Documents/research/imageomics/quest/andromeda2023/mockData/schTollgate.png,Pica hudsonia,2023-05-25 17:23:00 -0600,51.129680171,-115.4728396497,Black-billed Magpie,0.0156862745098039,0.172549019607843,0.286274509803922,0.314458039215686,0.43921568627451,1,0.184649398594745,0.0431372549019608,0.227450980392157,0.333333333333333,0.346385490196078,0.450980392156863,1,0.165798470758192,0.0705882352941176,0.196078431372549,0.274509803921569,0.314450588235294,0.403921568627451,1,0.162828672796535,4,1.96993909130042,72.740506266145
p17,schTollgate,https://inaturalist-open-data.s3.amazonaws.com/photos/200512952/medium.jpg,/Users/leannahouse/Documents/research/imageomics/quest/andromeda2023/mockData/schTollgate.png,Quercus,2022-05-25 12:10:37 -0400,37.2463788487,-80.4095616039,,0.0156862745098039,0.172549019607843,0.286274509803922,0.314458039215686,0.43921568627451,1,0.184649398594745,0.0431372549019608,0.227450980392157,0.333333333333333,0.346385490196078,0.450980392156863,1,0.165798470758192,0.0705882352941176,0.196078431372549,0.274509803921569,0.314450588235294,0.403921568627451,1,0.162828672796535,4,2.08993581572162,77.9964735417153
p18,schTollgate,https://inaturalist-open-data.s3.amazonaws.com/photos/252607353/medium.jpg,/Users/leannahouse/Documents/research/imageomics/quest/andromeda2023/mockData/schTollgate.png,Tradescantia zebrina,2023-01-19 06:39:45 +0300,0.0215245178,37.0761675015,inchplant,0.0156862745098039,0.172549019607843,0.286274509803922,0.314458039215686,0.43921568627451,1,0.184649398594745,0.0431372549019608,0.227450980392157,0.333333333333333,0.346385490196078,0.450980392156863,1,0.165798470758192,0.0705882352941176,0.196078431372549,0.274509803921569,0.314450588235294,0.403921568627451,1,0.162828672796535,1,1.78723393967205,72.58185179847
