land_ref_label,land_Lat-Center,land_Lon-Center,land_Lat-NW,land_Lon-NW,land_Lat-SE,land_Lon-SE,GRASSY_LOCAL,DENSE_WOOD_LOCAL,WOODY_LOCAL,SUBURBAN_LOCAL,WATERY_LOCAL,URBAN_LOCAL,AGRICULTURAL_LOCAL,GRASSY_BROAD,DENSE_WOOD_BROAD,WOODY_BROAD,SUBURBAN_BROAD,WATERY_BROAD,URBAN_BROAD,AGRICULTURAL_BROAD
farmCherry_1,40.332624,-74.749758,40.33624719,-74.75433675,40.32900081,-74.74517925,0.029124567,0.257376495,0.410786231,0.025680686,0.265961631,0.011070391,0,0.163109998,0.204269619,0.299283532,0.077095203,0.23749219,0.010224544,0.008524914
farmCherry_2,40.332624,-74.728754,40.33624719,-74.73333275,40.32900081,-74.72417525,0.211564544,0.089366232,0.027461405,0.076313147,0.191875609,0.1219087,0.281510363,0.217497322,0.148580094,0.030377653,0.137913934,0.291489336,0.081682779,0.092458881
farmCherry_3,40.332624,-74.707701,40.33624719,-74.71227975,40.32900081,-74.70312225,0.2143804,0.243007908,0.121227224,0.098278686,0.320441864,0.002663918,0,0.190708776,0.246657912,0.05003976,0.291402066,0.178361698,0.042829789,0
farmCherry_4,40.322965,-74.749758,40.32658819,-74.75433675,40.31934181,-74.74517925,0.460248954,0.269608055,0.087559805,0.009367761,0.163003475,0.010175187,3.68E-05,0.431917107,0.180799524,0.137773829,0.034874985,0.200814589,0.006344168,0.007475798
farmCherry_5,40.322965,-74.728754,40.32658819,-74.73333275,40.31934181,-74.72417525,0.434925028,0.077209939,0.216791736,0.094411732,0.161404776,0.00099545,0.014261339,0.318545784,0.119463602,0.074340532,0.158354702,0.270206847,0.01953332,0.039555214
farmCherry_6,40.322965,-74.707701,40.32658819,-74.71227975,40.31934181,-74.70312225,0.035446491,0.102307766,0.021003688,0.008366569,0.132533976,0.70034151,0,0.126575692,0.141010433,0.035954228,0.25697933,0.145315976,0.280609487,0.013554853
farmCherry_7,40.313732,-74.749758,40.31735519,-74.75433675,40.31010881,-74.74517925,0.240040129,0.127684673,0.004270737,1.39E-06,0.607626423,0.020376652,0,0.499143713,0.118790269,0.019870926,0.048752312,0.288827061,0.01351577,0.011099949
farmCherry_8,40.313732,-74.728754,40.31735519,-74.73333275,40.31010881,-74.72417525,0.225011927,0.085503522,0.077221347,0.458975769,0.115161127,0.023948628,0.014177681,0.2203321,0.095166473,0.053394993,0.35714132,0.185376792,0.057366981,0.031221341
farmCherry_9,40.313732,-74.707701,40.31735519,-74.71227975,40.31010881,-74.70312225,0.058266523,0.146752919,0.076817372,0.53266244,0.145327059,0.034419527,0.00575416,0.167487422,0.113038925,0.038338412,0.422971226,0.144449601,0.078837198,0.034877216
farmCherryCentered_1,40.322663,-74.744577,40.329909,-74.753735,40.315417,-74.735419,0.453148,0.160927,0.08098,0.051281,0.230107,0.00108,0.022476,0.442789569,0.158071098,0.107797874,0.079058903,0.17752441,0.009821956,0.02493619
farmCherryCentered_2,40.322663,-74.716234,40.329909,-74.725392,40.315417,-74.707076,0.154584,0.229856,0.038889,0.354409,0.061118,0.048124,0.11302,0.134693,0.171771774,0.036346016,0.227759718,0.232862437,0.122712802,0.073854253
farmCherryCentered_3,40.322663,-74.687793,40.329909,-74.696951,40.315417,-74.678635,0.018548,0.157542,0.048423,0.56262,0.149575,0.063292,0,0.185582951,0.128029537,0.025922855,0.424629489,0.120142373,0.083169944,0.032522852
farmCherryCentered_4,40.310457,-74.744577,40.317703,-74.753735,40.303211,-74.735419,0.4971,0.017797,0.028966,0.059384,0.355279,0.017607,0.023866,0.463761857,0.042759615,0.01694712,0.055926125,0.270702888,0.141257549,0.008644845
farmCherryCentered_5,40.310457,-74.716234,40.317703,-74.725392,40.303211,-74.707076,0.340519,0.079059,0.040179,0.242591,0.178853,0.004576,0.114222,0.305444521,0.132522436,0.01920099,0.275577831,0.20684662,0.015678055,0.044729548
farmCherryCentered_6,40.310457,-74.687793,40.317703,-74.696951,40.303211,-74.678635,0.12547,0.005901,0.063293,0.240379,0.234145,0.017717,0.313095,0.158441142,0.022391718,0.059275447,0.294628049,0.258348312,0.069850984,0.137064347
farmCherryCentered_7,40.29975,-74.744577,40.306996,-74.753735,40.292504,-74.735419,0.029289,0,0.042585,0.671771,0,0.256355,0,0.12340289,0.018596797,0.022597199,0.585375361,0.049237719,0.200039651,0.000750383
farmCherryCentered_8,40.29975,-74.716234,40.306996,-74.725392,40.292504,-74.707076,0.496321,0.006778,0.0805,0,0.245134,0.171268,0,0.473953068,0.060712098,0.056524805,0.062880265,0.245510972,0.088372701,0.012046092
farmCherryCentered_9,40.29975,-74.687793,40.306996,-74.696951,40.292504,-74.678635,0.038948,0.020631,0.011307,0.240131,0.403731,0.285252,0,0.043828114,0.027780599,0.05476915,0.137289566,0.410294502,0.312742549,0.013295519
farmCherryCentered1000_1,40.31654,-74.73032,40.323786,-74.739478,40.309294,-74.721162,0.391852,0.04128,0.092382,0.302822,0.147401,0.010085,0.014178,0.299393301,0.10434165,0.084304502,0.282407699,0.190978973,0.02358102,0.014992855
farmCherryCentered1000_2,40.31654,-74.716234,40.323786,-74.725392,40.309294,-74.707076,0.341584,0.124319,0.030444,0.24041,0.109473,0.007623,0.146147,0.17708522,0.162775963,0.034810796,0.262235721,0.193443629,0.084970639,0.084678033
farmCherryCentered1000_3,40.31654,-74.702069,40.323786,-74.711227,40.309294,-74.692911,0,0.110602,0.031163,0.677291,0.043048,0.137895,0,0.043598615,0.091492926,0.042851767,0.518372361,0.076774708,0.214799842,0.01210978
farmCherryCentered1000_4,40.310457,-74.73032,40.317703,-74.739478,40.303211,-74.721162,0.107827,0.065737,0.079988,0.516127,0.141657,0.088664,0,0.224420175,0.062182148,0.035365209,0.438165201,0.140119542,0.093378281,0.006369445
farmCherryCentered1000_5,40.310457,-74.716234,40.317703,-74.725392,40.303211,-74.707076,0.340519,0.079059,0.040179,0.242591,0.178853,0.004576,0.114222,0.305444,0.132522,0.019201,0.275578,0.206847,0.015678,0.04473
farmCherryCentered1000_6,40.310457,-74.702069,40.317703,-74.711227,40.303211,-74.692911,0.150656,0.014583,0.077647,0.68899,0.004378,0.035399,0.028347,0.218045,0.080485,0.064139,0.505086,0.062892,0.04914,0.020213
farmCherryCentered1000_7,40.30519,-74.73032,40.312436,-74.739478,40.297944,-74.721162,0.000172,0.031854,0.005825,0.837335,0.07666,0.048154,0,0.16085,0.055758,0.025515,0.544958,0.081433,0.128661,0.002825
farmCherryCentered1000_8,40.30519,-74.716234,40.312436,-74.725392,40.297944,-74.707076,0.460673,0.016689,0.059487,0.126835,0.285063,0.014372,0.036881,0.424546,0.062657,0.040556,0.194757,0.185978,0.05508,0.036427
farmCherryCentered1000_9,40.30519,-74.702069,40.312436,-74.711227,40.297944,-74.692911,0.376477,0.073781,0.147545,0.310801,0.000641,0.06241,0.028345,0.294309,0.089465,0.102853,0.248396,0.172474,0.071778,0.020724
farmDblBrook_1,40.365821,-74.76289,40.36944419,-74.76746875,40.36219781,-74.75831125,0.117896475,0.026676416,0.245370078,0.25164684,0.326019478,0.003540125,0.028850588,0.188138799,0.104187271,0.237790286,0.210592304,0.207998325,0.01183136,0.039461653
farmDblBrook_2,40.365821,-74.741672,40.36944419,-74.74625075,40.36219781,-74.73709325,0.085710726,0.250541908,0.323084541,0.100219314,0.187622196,0.052821315,0,0.102850217,0.284591242,0.182143131,0.227534201,0.105580744,0.090236602,0.007063862
farmDblBrook_3,40.365821,-74.720636,40.36944419,-74.72521475,40.36219781,-74.71605725,0.012735194,0.689379968,0.025315114,0.153330516,0.088863333,0.030375874,0,0.015638958,0.54813621,0.021398941,0.243651111,0.100117071,0.069455295,0.001602415
farmDblBrook_4,40.354852,-74.76289,40.35847519,-74.76746875,40.35122881,-74.75831125,0.314422291,0.039729537,0.17920805,0.076745094,0.204958084,0.007100358,0.177836586,0.223093195,0.114511935,0.164750177,0.261823932,0.129738692,0.054873442,0.051208627
farmDblBrook_5,40.354852,-74.741672,40.35847519,-74.74625075,40.35122881,-74.73709325,0.282811675,0.477860673,0.042433284,0.065452355,0.085349464,0,0.046092548,0.158590868,0.350969512,0.090029779,0.270759586,0.086855898,0.031271215,0.011523142
farmDblBrook_6,40.354852,-74.720636,40.35847519,-74.72521475,40.35122881,-74.71605725,0.170274415,0.492900341,0.145874363,0.043139518,0.114331527,7.63E-05,0.033403571,0.138978235,0.33933523,0.098860977,0.126341101,0.147851412,0.128464432,0.020168613
farmDblBrook_7,40.345643,-74.76289,40.34926619,-74.76746875,40.34201981,-74.75831125,0.162878476,0.085563487,0.03126507,0.596450564,0.011943185,0.111899218,0,0.232324282,0.12473041,0.04514092,0.421699764,0.029178099,0.115938796,0.030987729
farmDblBrook_8,40.345643,-74.741672,40.34926619,-74.74625075,40.34201981,-74.73709325,0.042571084,0.245739825,7.25E-05,0.556279221,0.138217568,0.01711976,0,0.129786883,0.265811038,0.047931647,0.415410476,0.121514644,0.008765342,0.010779969
farmDblBrook_9,40.345643,-74.720636,40.34926619,-74.72521475,40.34201981,-74.71605725,0.051939206,0.24215594,0.108035339,0.052124972,0.229644448,0.316100095,0,0.127025807,0.244918378,0.108421229,0.123048817,0.151549009,0.231259526,0.013777234
farmLawrenceville_1,40.328533,-74.765787,40.33215619,-74.77036575,40.32490981,-74.76120825,0.318446733,0.056137024,0.131141064,0.102402335,0.184506561,0.000526613,0.206839671,0.416384192,0.135300522,0.073060357,0.098532784,0.187880421,0.000131653,0.088710071
farmLawrenceville_2,40.328533,-74.744964,40.33215619,-74.74954275,40.32490981,-74.74038525,0.318446733,0.056137024,0.131141064,0.102402335,0.184506561,0.000526613,0.206839671,0.269773849,0.172962766,0.237614555,0.080916505,0.188180805,0.015880803,0.034670717
farmLawrenceville_3,40.328533,-74.723841,40.33215619,-74.72841975,40.32490981,-74.71926225,0.159658634,0.07596258,0.031781952,0.029111798,0.545508933,0.018583973,0.139392131,0.231701161,0.1146952,0.050719725,0.21763476,0.226804018,0.047935609,0.110509527
farmLawrenceville_4,40.318704,-74.765787,40.32232719,-74.77036575,40.31508081,-74.76120825,0.270601908,0.248664539,0.058874958,0.221452544,0.024866364,0.038916838,0.13662285,0.381534289,0.223209815,0.031178246,0.214464246,0.056047074,0.020387089,0.07317924
farmLawrenceville_5,40.318704,-74.744964,40.32232719,-74.74954275,40.31508081,-74.74038525,0.499027213,0.178624293,0.083625949,0,0.22981285,0.008909696,0,0.516468511,0.147930793,0.046153489,0.029523571,0.2389468,0.00920787,0.011768966
farmLawrenceville_6,40.318704,-74.723841,40.32232719,-74.72841975,40.31508081,-74.71926225,0.079315842,0.207658982,0.101735347,0.322860867,0.151268376,0.036561462,0.100599124,0.266182798,0.132514598,0.088646444,0.261486041,0.169288368,0.016765776,0.065115974
farmLawrenceville_7,40.30969,-74.765787,40.31331319,-74.77036575,40.30606681,-74.76120825,0.222079682,0.095388132,0.034882076,0.440711877,0.109119011,0.097819223,0,0.204305837,0.140125834,0.021476277,0.37017793,0.127023088,0.126640334,0.0102507
farmLawrenceville_8,40.30969,-74.744964,40.31331319,-74.74954275,40.30606681,-74.74038525,0.491739487,0.027966314,0.022968814,0.062640912,0.342576705,0.027315916,0.024791851,0.440001945,0.043746374,0.016725047,0.063925727,0.260823827,0.165878413,0.008898666
farmLawrenceville_9,40.30969,-74.723841,40.31331319,-74.72841975,40.30606681,-74.71926225,0.084081279,0.096261502,0.01487146,0.602336508,0.145274463,0.007874049,0.049300739,0.253855102,0.080848785,0.037321766,0.461092739,0.126164088,0.01280425,0.02791327
farmStony_1,40.363028,-74.74057,40.36665119,-74.74514875,40.35940481,-74.73599125,0.063037334,0.335385231,0.346947622,0.004311425,0.099543347,0.150775041,0,0.105021468,0.335463483,0.160727131,0.162249974,0.127583167,0.107765326,0.001189451
farmStony_2,40.363028,-74.719865,40.36665119,-74.72444375,40.35940481,-74.71528625,0.014006624,0.645999905,0.000325316,0.095977272,0.219879183,0.023811701,0,0.041076768,0.50702138,0.047407577,0.23839941,0.09162565,0.074469215,0
farmStony_3,40.363028,-74.698661,40.36665119,-74.70323975,40.35940481,-74.69408225,0.036216692,0.432602403,0.080833825,0.255147088,0.04770637,0.137844062,0.009649561,0.065932624,0.452256451,0.038153624,0.229851143,0.101107153,0.110286615,0.002412391
farmStony_4,40.352764,-74.74057,40.35638719,-74.74514875,40.34914081,-74.73599125,0.342584094,0.300250957,0.128697055,0.111926689,0.070450063,0,0.046091143,0.160625069,0.314222382,0.070042652,0.322432993,0.112688271,0.00846584,0.011522792
farmStony_5,40.352764,-74.719865,40.35638719,-74.72444375,40.34914081,-74.71528625,0.342584094,0.300250957,0.128697055,0.111926689,0.070450063,0,0.046091143,0.135752916,0.321310818,0.102855609,0.135695988,0.141632142,0.141851139,0.020901387
farmStony_6,40.352764,-74.698661,40.35638719,-74.70323975,40.34914081,-74.69408225,0.002901376,0.313579432,0.006358818,0.345522618,0.262678194,0.068959563,0,0.019089038,0.243876823,0.027777599,0.449709939,0.200034984,0.059511617,0
farmStony_7,40.342669,-74.74057,40.34629219,-74.74514875,40.33904581,-74.73599125,0.002901376,0.313579432,0.006358818,0.345522618,0.262678194,0.068959563,0,0.119250445,0.242809442,0.037882911,0.337120224,0.221987433,0.029140925,0.011808619
farmStony_8,40.342669,-74.719865,40.34629219,-74.72444375,40.33904581,-74.71528625,0.002901376,0.313579432,0.006358818,0.345522618,0.262678194,0.068959563,0,0.055224162,0.230777063,0.116552739,0.212579931,0.145382368,0.235130339,0.004353398
farmStony_9,40.342669,-74.698661,40.34629219,-74.70323975,40.33904581,-74.69408225,0.085619174,0.177884784,0.056700585,0.482846112,0.088903232,0.108046113,0,0.086891108,0.180349396,0.04514344,0.490358033,0.138148002,0.05911002,0
gardenMtLake_1,40.375474,-74.693112,40.37909719,-74.69769075,40.37185081,-74.68853325,0.020157323,0.300481741,0.023110285,0.485520922,0.135116107,0.035613622,0,0.035167381,0.379543403,0.019327832,0.321210221,0.142943568,0.095376526,0.006431068
gardenMtLake_2,40.375474,-74.672103,40.37909719,-74.67668175,40.37185081,-74.66752425,0,0.317657299,0.009926547,0.589963012,0.058480233,0.023972909,0,0.001484111,0.369566934,0.01904901,0.438223027,0.131164187,0.04051273,0
gardenMtLake_3,40.375474,-74.650875,40.37909719,-74.65545375,40.37185081,-74.64629625,0.069512392,0.335513605,0.000543549,0.001182479,0.321921006,0.271326969,0,0.021538391,0.354989109,0.008578627,0.183811247,0.219030535,0.212052092,0
gardenMtLake_4,40.365934,-74.693112,40.36955719,-74.69769075,40.36231081,-74.68853325,0.171155464,0.293969976,0.060552565,0.17698901,0.003233572,0.284449442,0.009649971,0.122547782,0.409578556,0.032756311,0.220918556,0.072821097,0.138156993,0.003220705
gardenMtLake_5,40.365934,-74.672103,40.36955719,-74.67668175,40.36231081,-74.66752425,0.253666026,0.230422367,0.0287913,0.19889459,0.165601367,0.03888684,0.083737511,0.134675269,0.305755391,0.007205009,0.274135731,0.151165114,0.056677142,0.070386343
gardenMtLake_6,40.365934,-74.650875,40.36955719,-74.65545375,40.36231081,-74.64629625,0.042711287,0.09579291,0.019376034,0.456008947,0.055420668,0.330690155,0,0.047234956,0.082373348,0.010882293,0.576892336,0.074620462,0.207996606,0
gardenMtLake_7,40.356519,-74.693112,40.36014219,-74.69769075,40.35289581,-74.68853325,0.024283436,0.242278648,0.035174496,0.234110465,0.406053298,0.058099657,0,0.0956672,0.261325593,0.022595999,0.353776152,0.187155484,0.078671472,0.000808101
gardenMtLake_8,40.356519,-74.672103,40.36014219,-74.67668175,40.35289581,-74.66752425,0.073779078,0.1627477,0.010291573,0.511135706,0.153827222,0.069617521,0.0186012,0.120693213,0.151814306,0.005178747,0.390743881,0.107351126,0.170982843,0.053235883
gardenMtLake_9,40.356519,-74.650875,40.36014219,-74.65545375,40.35289581,-74.64629625,0.05250589,0.013578499,0,0.591765276,0,0.342150334,0,0.062386908,0.00411461,0,0.56067876,0.002000773,0.37081895,0
gardenPrinceton_1,40.356602,-74.677287,40.36022519,-74.68186575,40.35297881,-74.67270825,0.134559713,0.135361199,0.014585071,0.476695993,0.205762208,0.032063899,0.000971918,0.173026895,0.18213236,0.006333921,0.420472537,0.120490521,0.038583985,0.058959781
gardenPrinceton_2,40.356602,-74.656342,40.36022519,-74.66092075,40.35297881,-74.65176325,0.187086962,0.001427958,0,0.42273602,0,0.388749059,0,0.096130589,0.003875689,0,0.410086012,0.001304869,0.488602841,0
gardenPrinceton_3,40.356602,-74.635291,40.36022519,-74.63986975,40.35297881,-74.63071225,0.040358694,0.019347457,0,0.894028721,0.010692288,0.035572839,0,0.01315177,0.04088769,0,0.803703256,0.082189707,0.060067578,0
gardenPrinceton_4,40.347059,-74.677287,40.35068219,-74.68186575,40.34343581,-74.67270825,0.020286962,0.095624429,0,0.679223868,0.007446493,0.197418248,0,0.075718595,0.166742704,0.020729175,0.597840676,0.028247225,0.110721624,0
gardenPrinceton_5,40.347059,-74.656342,40.35068219,-74.66092075,40.34343581,-74.65176325,0.025947708,0.007960632,0,0.000249578,0,0.965842082,0,0.158123797,0.036167083,0.004124012,0.078265554,0.023621136,0.699698417,0
gardenPrinceton_6,40.347059,-74.635291,40.35068219,-74.63986975,40.34343581,-74.63071225,0.017305057,0.06145584,0,0.613820033,0.087073612,0.220345457,0,0.052188471,0.041313566,0.031431106,0.448437803,0.253942855,0.164895644,0.007790556
gardenPrinceton_7,40.337598,-74.677287,40.34122119,-74.68186575,40.33397481,-74.67270825,0.004743713,0.197423677,0.008616457,0.765646439,0.023569713,0,0,0.146752892,0.158255213,0.009462293,0.525244237,0.036912881,0.123372484,0
gardenPrinceton_8,40.337598,-74.656342,40.34122119,-74.66092075,40.33397481,-74.65176325,0.372878951,0.1842977,0.01036909,0.000243374,0.082907574,0.349303311,0,0.320061808,0.142438172,0.030952427,0.041272849,0.124542903,0.337699574,0.003032266
gardenPrinceton_9,40.337598,-74.635291,40.34122119,-74.63986975,40.33397481,-74.63071225,0.487280937,0.012912155,0.123383776,0.047495954,0.102630191,0.194600653,0.031696334,0.352184029,0.029787649,0.08034065,0.055330727,0.204656292,0.269776576,0.007924078
golfHopewell_1,40.373815,-74.804523,40.37743819,-74.80910175,40.37019181,-74.79994425,0.434458087,0.097957634,0.037250623,0.367827838,0.025702174,0,0.036803645,0.369575274,0.157918663,0.063378366,0.261725852,0.068105912,0.009553795,0.069742137
golfHopewell_2,40.373815,-74.783442,40.37743819,-74.78802075,40.37019181,-74.77886325,0.256352159,0.162713449,0.022560238,0.347576697,0.163508767,0.029707952,0.017580737,0.303891381,0.150701489,0.052326088,0.224522731,0.224812045,0.027033173,0.016713093
golfHopewell_3,40.373815,-74.762368,40.37743819,-74.76694675,40.37019181,-74.75778925,0.255972758,0.405988112,0.107114292,0.133092579,0.042295778,0.035208225,0.020328257,0.180094505,0.379599882,0.19282669,0.090168633,0.09501366,0.024151235,0.038145395
golfHopewell_4,40.364166,-74.804523,40.36778919,-74.80910175,40.36054281,-74.79994425,0.218307697,0.105461913,0.141900524,0.247257795,0.180337412,0.021945564,0.084789095,0.285437816,0.168928198,0.103347176,0.181180204,0.130870184,0.065813523,0.0644229
golfHopewell_5,40.364166,-74.783442,40.36778919,-74.78802075,40.36054281,-74.77886325,0.654773687,0.058669156,0.008673082,0.188432065,0.075387254,0.014064756,0,0.364219167,0.130064674,0.086799975,0.176487327,0.188412108,0.02298681,0.03102994
golfHopewell_6,40.364166,-74.762368,40.36778919,-74.76694675,40.36054281,-74.75778925,0.098722571,0.003023769,0.178443739,0.387095221,0.29763248,0.00354004,0.031542181,0.189524579,0.049798813,0.287189443,0.209560535,0.214838201,0.010163537,0.038924891
golfHopewell_7,40.354771,-74.804523,40.35839419,-74.80910175,40.35114781,-74.79994425,0.00676454,0.214549899,0.037595303,0,0.044342103,0.696748155,0,0.154468805,0.28301054,0.058020119,0.018005691,0.148487264,0.31682859,0.021178992
golfHopewell_8,40.354771,-74.783442,40.35839419,-74.78802075,40.35114781,-74.77886325,0.218932434,0.366719061,0.075661011,0.005361811,0.304380503,0,0.028945179,0.331691928,0.239491619,0.152662661,0.046756517,0.164269865,0.04405656,0.02107085
golfHopewell_9,40.354771,-74.762368,40.35839419,-74.76694675,40.35114781,-74.75778925,0.2744963,0.049382228,0.181955748,0.102187211,0.203129773,0.009184567,0.179664174,0.218056062,0.114130629,0.167356458,0.275198251,0.123712853,0.050337183,0.051208564
golfPrinceton_1,40.347688,-74.682536,40.35131119,-74.68711475,40.34406481,-74.67795725,0.122905895,0.367784964,0.026892164,0.288068275,0.048976556,0.145372146,0,0.085960507,0.191805936,0.016193549,0.49105641,0.112269319,0.102714279,0
golfPrinceton_2,40.347688,-74.661537,40.35131119,-74.66611575,40.34406481,-74.65695825,0,0,0,0.082113013,0,0.917886987,0,0.106104949,0.015046491,0.007494314,0.210672466,0.002807801,0.657873979,0
golfPrinceton_3,40.347688,-74.640488,40.35131119,-74.64506675,40.34406481,-74.63590925,0.077865913,0.031153239,0.019274439,0.445849862,0.034553025,0.391303522,0,0.089199472,0.042671498,0.033676803,0.463409882,0.16233629,0.203949985,0.00475607
golfPrinceton_4,40.338103,-74.682536,40.34172619,-74.68711475,40.33447981,-74.67795725,0.07879133,0.162692813,0.031871945,0.568117671,0.030146385,0.128379856,0,0.206381814,0.174085951,0.010024541,0.450553283,0.066982749,0.091971662,0
golfPrinceton_5,40.338103,-74.661537,40.34172619,-74.66611575,40.33447981,-74.65695825,0.668984735,0.024833419,0.005186566,0.111367818,0.030555522,0.159071941,0,0.262132684,0.080982161,0.013756379,0.184470129,0.044862436,0.41379621,0
golfPrinceton_6,40.338103,-74.640488,40.34172619,-74.64506675,40.33447981,-74.63590925,0.753595785,0.023529455,0.034481164,0,0.089066873,0.088135778,0.011190945,0.362903798,0.076290394,0.093320366,0.061878666,0.193201477,0.201494,0.010911299
golfPrinceton_7,40.328815,-74.682536,40.33243819,-74.68711475,40.32519181,-74.67795725,0.09686936,0.184920259,0.006673779,0.228122168,0.157062766,0.247267731,0.079083938,0.265393622,0.227125319,0.007196403,0.292751355,0.10714129,0.080621035,0.019770976
golfPrinceton_8,40.328815,-74.661537,40.33243819,-74.66611575,40.32519181,-74.65695825,0.034146346,0.564818832,0,0,0.214449457,0.186585365,0,0.10286884,0.32217634,0.020387306,0.055556783,0.233167437,0.265843294,0
golfPrinceton_9,40.328815,-74.640488,40.33243819,-74.64506675,40.32519181,-74.63590925,0.192275992,0.054627146,0.135502361,0.191661696,0.019510432,0.406422372,0,0.211231261,0.02681263,0.065760115,0.181662255,0.032370731,0.479176249,0.002986757
preserveMtLakes1000_1,40.369027,-74.690723,40.37265019,-74.69530175,40.36540381,-74.68614425,0.0896063,0.438029021,0.001109518,0.240338854,0.039957667,0.190958639,0,0.099738144,0.351551352,0.027875567,0.256390923,0.108200981,0.144020022,0.01222301
preserveMtLakes1000_2,40.369027,-74.669685,40.37265019,-74.67426375,40.36540381,-74.66510625,0.077578809,0.262903802,0.001189714,0.440759614,0.133729279,0.045942455,0.037896327,0.067552384,0.299496319,0.008936031,0.422329766,0.11803636,0.053649541,0.0299996
preserveMtLakes1000_3,40.369027,-74.648488,40.37265019,-74.65306675,40.36540381,-74.64390925,0.009848002,0.168271647,0.021840951,0.495936439,0.114772621,0.18933034,0,0.018115039,0.181463549,0.011822454,0.446518119,0.147521613,0.194559225,0
preserveMtLakes1000_4,40.358217,-74.690723,40.36184019,-74.69530175,40.35459381,-74.68614425,0.100584821,0.282196392,0.005124623,0.216270654,0.277449502,0.118374008,0,0.164345288,0.228203519,0.03081272,0.296774605,0.170694269,0.09390425,0.015265349
preserveMtLakes1000_5,40.358217,-74.669685,40.36184019,-74.67426375,40.35459381,-74.66510625,0.194799248,0.141437789,0.005058256,0.239141933,0.144805844,0.108775604,0.165981327,0.129480072,0.148779403,0.006727963,0.365818962,0.085799838,0.202597325,0.060796436
preserveMtLakes1000_6,40.358217,-74.648488,40.36184019,-74.65306675,40.35459381,-74.64390925,0.00319085,0.012104413,0,0.689655776,0.002439336,0.292609625,0,0.052191776,0.009361202,0,0.647263728,0.00370449,0.287478804,0
preserveMtLakes1000_7,40.348952,-74.690723,40.35257519,-74.69530175,40.34532881,-74.68614425,0.003083536,0.194698823,0.006387119,0.541038347,0.23982787,0.014964305,0,0.081303034,0.232115689,0.011830138,0.417843132,0.191831203,0.065076804,0
preserveMtLakes1000_8,40.348952,-74.669685,40.35257519,-74.67426375,40.34532881,-74.66510625,0.003083536,0.194698823,0.006387119,0.541038347,0.23982787,0.014964305,0,0.03623845,0.034386929,0.007029941,0.541185976,0.001519572,0.379639134,0
preserveMtLakes1000_9,40.348952,-74.648488,40.35257519,-74.65306675,40.34532881,-74.64390925,0.142689773,0,0,0.262365082,0.000241223,0.594703922,0,0.109116731,0.036531759,0.021612237,0.285882179,0.058487762,0.488369332,0
preserveMtRose_1,40.372664,-74.758727,40.37628719,-74.76330575,40.36904081,-74.75414825,0.242340364,0.388266174,0.135260669,0.171127185,0.018712352,0.035207633,0.009085623,0.187096933,0.406990729,0.145875566,0.102265727,0.103428481,0.018365047,0.035977517
preserveMtRose_2,40.372664,-74.737647,40.37628719,-74.74222575,40.36904081,-74.73306825,0.179429668,0.316910261,0.117864232,0.33519437,0.017618221,0.012757738,0.020225511,0.14018668,0.362916083,0.139497627,0.252871964,0.081285036,0.014367076,0.008875534
preserveMtRose_3,40.372664,-74.716469,40.37628719,-74.72104775,40.36904081,-74.71189025,0.179429668,0.316910261,0.117864232,0.33519437,0.017618221,0.012757738,0.020225511,0.137198273,0.505376303,0.03158229,0.21471952,0.091190613,0.013958125,0.005974876
preserveMtRose_4,40.361706,-74.758727,40.36532919,-74.76330575,40.35808281,-74.75414825,0.141954782,0.007541885,0.14304201,0.670020279,0.027917695,0.009387253,0.000136097,0.146625394,0.065239048,0.232163635,0.318685944,0.185401683,0.012292245,0.039592051
preserveMtRose_5,40.361706,-74.737647,40.36532919,-74.74222575,40.35808281,-74.73306825,0.108248898,0.23407861,0.294022438,0.019551124,0.094565548,0.249533383,0,0.112318645,0.348931312,0.173223816,0.110994586,0.104753247,0.140233322,0.009545072
preserveMtRose_6,40.361706,-74.716469,40.36532919,-74.72104775,40.35808281,-74.71189025,0.018939287,0.591576147,0.001171377,0.1966635,0.168869234,0.022780455,0,0.042304963,0.52031247,0.047473345,0.253953936,0.114670223,0.017809148,0.003475915
preserveMtRose_7,40.352399,-74.758727,40.35602219,-74.76330575,40.34877581,-74.75414825,0.035705794,0.21727009,0.086413954,0.452608601,0.064574901,0.01476498,0.128661679,0.145930896,0.11381566,0.123506991,0.449736658,0.075558872,0.04024413,0.051206794
preserveMtRose_8,40.352399,-74.737647,40.35602219,-74.74222575,40.34877581,-74.73306825,0.266841022,0.293423351,0.161214733,0.180906962,0.053310538,0,0.044303393,0.187177285,0.285298418,0.104902177,0.269363502,0.104166524,0.033607484,0.015484609
preserveMtRose_9,40.352399,-74.716469,40.35602219,-74.72104775,40.34877581,-74.71189025,0.088918698,0.298092065,0.040250882,0.177094221,0.233474608,0.136527636,0.025641889,0.08564731,0.351262426,0.084327403,0.194888109,0.144726987,0.122021601,0.017126164
preserveStonyOctagon_1,40.364018,-74.740553,40.36764119,-74.74513175,40.36039481,-74.73597425,0.082574344,0.291600529,0.332837124,0.016263632,0.136046569,0.140677802,0,0.099592244,0.32326967,0.160114005,0.188487503,0.119498684,0.107932055,0.001105839
preserveStonyOctagon_2,40.364018,-74.719621,40.36764119,-74.72419975,40.36039481,-74.71504225,0.008022972,0.665296601,0.007475546,0.110613775,0.17827036,0.030320746,0,0.028342945,0.509251285,0.038785664,0.258828339,0.094253221,0.070538546,0
preserveStonyOctagon_3,40.364018,-74.698588,40.36764119,-74.70316675,40.36039481,-74.69400925,0.041170615,0.445003535,0.069808121,0.223561272,0.04031068,0.170496076,0.009649701,0.06616768,0.462801579,0.038503672,0.236723199,0.084992427,0.108399018,0.002412426
preserveStonyOctagon_4,40.353131,-74.740553,40.35675419,-74.74513175,40.34950781,-74.73597425,0.349655221,0.318376076,0.125327801,0.083453253,0.077096259,0,0.04609139,0.162184741,0.32243954,0.073086848,0.309138647,0.108300601,0.01332677,0.011522853
preserveStonyOctagon_5,40.353131,-74.719621,40.35675419,-74.72419975,40.34950781,-74.71504225,0.174621149,0.416194384,0.082819119,0.041865141,0.183463848,0.0552342,0.04580216,0.132409464,0.331930796,0.095601562,0.140542596,0.14344051,0.135298893,0.020776179
preserveStonyOctagon_6,40.353131,-74.698588,40.35675419,-74.70316675,40.34950781,-74.69400925,0.002228363,0.328940739,0.009242593,0.320201392,0.272848921,0.066537992,0,0.019529426,0.248881599,0.026065871,0.44484171,0.200804016,0.059877379,0
preserveStonyOctagon_7,40.343789,-74.740553,40.34741219,-74.74513175,40.34016581,-74.73597425,0.045057338,0.296185499,0.00955589,0.491032949,0.120749594,0.002762491,0.034656239,0.127613738,0.244137313,0.047089399,0.352904807,0.187801605,0.028606665,0.011846472
preserveStonyOctagon_8,40.343789,-74.719621,40.34741219,-74.72419975,40.34016581,-74.71504225,0.045057338,0.296185499,0.00955589,0.491032949,0.120749594,0.002762491,0.034656239,0.067287677,0.226466436,0.118338279,0.198146206,0.138345514,0.239941658,0.011474229
preserveStonyOctagon_9,40.343789,-74.698588,40.34741219,-74.70316675,40.34016581,-74.69400925,0.021882678,0.142571702,0.055332629,0.561665155,0.082106899,0.136440938,0,0.066497943,0.170905151,0.039150756,0.535703639,0.123897842,0.063844669,0
schHopeElem_1,40.394606,-74.779177,40.39822919,-74.78375575,40.39098281,-74.77459825,0.754932705,0.084697974,0.045573099,0.025468905,0.089327317,0,0,0.456326182,0.233170975,0.106982748,0.116453348,0.077478691,0.0037878,0.005800256
schHopeElem_2,40.394606,-74.75798,40.39822919,-74.76255875,40.39098281,-74.75340125,0.35907876,0,0.108216922,0.253222139,0.033601931,0.222475659,0.023404589,0.256618747,0.065184971,0.083611764,0.385790933,0.06312116,0.12447004,0.021202385
schHopeElem_3,40.394606,-74.736848,40.39822919,-74.74142675,40.39098281,-74.73226925,0.34381978,0.064277498,0.065116821,0.361480771,0.080192691,0.029754566,0.055357873,0.38502905,0.019713471,0.093401736,0.279312847,0.151205369,0.02167515,0.049662377
schHopeElem_4,40.38491,-74.779177,40.38853319,-74.78375575,40.38128681,-74.77459825,0.207203332,0.003988426,0.187807158,0.451324718,0.027177401,0.092583086,0.029915879,0.299314051,0.114998554,0.116756191,0.365935539,0.046126563,0.044949672,0.011919429
schHopeElem_5,40.38491,-74.75798,40.38853319,-74.76255875,40.38128681,-74.75340125,0.325566972,0.013325263,0.219773135,0.211460665,0.102093859,0.100371043,0.027409063,0.269245829,0.118109031,0.113228424,0.250101579,0.094908141,0.1216487,0.032758297
schHopeElem_6,40.38491,-74.736848,40.38853319,-74.74142675,40.38128681,-74.73226925,0.287356236,0.355099317,0.134802153,0.031011155,0.144594182,0.047136956,0,0.33226404,0.228920683,0.132321581,0.070990302,0.204838167,0.011848307,0.018816921
schHopeElem_7,40.375683,-74.779177,40.37930619,-74.78375575,40.37205981,-74.77459825,0.180956005,0.143700668,0.006405014,0.25264042,0.380370511,0.024178796,0.011748585,0.195460151,0.245411287,0.092546437,0.233912289,0.177577735,0.046211839,0.008880262
schHopeElem_8,40.375683,-74.75798,40.37930619,-74.76255875,40.37205981,-74.75340125,0.069565221,0.550920011,0.166645841,0.156130571,0.041555219,0.015183137,0,0.209079391,0.410230492,0.11414141,0.091981491,0.102683521,0.022783805,0.049099889
schHopeElem_9,40.375683,-74.736848,40.37930619,-74.74142675,40.37205981,-74.73226925,0.043769188,0.477504717,0.206058877,0.198322187,0.061533108,0,0.012811924,0.190422606,0.361401088,0.113520969,0.238980193,0.081238376,0.005560843,0.008875926
schHopeHS_TimberMS_1,40.33784,-74.825575,40.34146319,-74.83015375,40.33421681,-74.82099625,0.312893786,0.127398048,0.043537787,0.06612241,0.076230985,0.054628474,0.31918851,0.329233354,0.299893815,0.031360183,0.165769781,0.033861365,0.019315806,0.120565694
schHopeHS_TimberMS_2,40.33784,-74.804559,40.34146319,-74.80913775,40.33421681,-74.79998025,0.348062334,0.163530752,0.098917281,0.157776754,0.071284736,0.041316505,0.119111637,0.338301845,0.117588865,0.054418608,0.195202664,0.07276281,0.126637769,0.095087439
schHopeHS_TimberMS_3,40.33784,-74.783438,40.34146319,-74.78801675,40.33421681,-74.77885925,0.167615082,0.383849308,0.067506361,0.210300856,0.138106454,0.032621939,0,0.178461081,0.160159207,0.068750796,0.347277627,0.188792784,0.051108421,0.005450084
schHopeHS_TimberMS_4,40.328281,-74.825575,40.33190419,-74.83015375,40.32465781,-74.82099625,0.154794416,0.089834287,0.061514973,0.533318115,0.017064527,0.039304475,0.104169206,0.293773441,0.097911523,0.047597121,0.401513855,0.051679468,0.020837493,0.0866871
schHopeHS_TimberMS_5,40.328281,-74.804559,40.33190419,-74.80913775,40.32465781,-74.79998025,0.154794416,0.089834287,0.061514973,0.533318115,0.017064527,0.039304475,0.104169206,0.227855896,0.091793989,0.076283756,0.319739565,0.062340084,0.210437026,0.011549683
schHopeHS_TimberMS_6,40.328281,-74.783438,40.33190419,-74.78801675,40.32465781,-74.77885925,0.016962403,0.020883029,0.06962442,0.797934769,0.03524773,0.059347649,0,0.128023207,0.094165177,0.0289255,0.55345619,0.099396185,0.091894908,0.004138833
schHopeHS_TimberMS_7,40.319148,-74.825575,40.32277119,-74.83015375,40.31552481,-74.82099625,0.407430658,0.137746461,0.291864733,0.083177512,0.022310602,0.039682384,0.01778765,0.357396383,0.154381324,0.128746679,0.240770389,0.035314072,0.029920913,0.05347024
schHopeHS_TimberMS_8,40.319148,-74.804559,40.32277119,-74.80913775,40.31552481,-74.79998025,0.150640623,0.185235073,0.226294752,0.381079771,0.032943458,0.001838629,0.021967695,0.210013104,0.149136931,0.231772158,0.2839932,0.039438461,0.072967243,0.012678902
schHopeHS_TimberMS_9,40.319148,-74.783438,40.32277119,-74.78801675,40.31552481,-74.77885925,0.045971026,0.180035087,0.188912528,0.533476967,0.018411432,0.027810412,0.005382547,0.103993678,0.157106449,0.083200556,0.566310206,0.027581917,0.058557928,0.003249266
schTollGram_1,40.330632,-74.809579,40.33425519,-74.81415775,40.32700881,-74.80500025,0.492666909,0.050270333,0.024761006,0.188434922,0.127035738,0.091086032,0.025745059,0.356317456,0.079769216,0.067512674,0.353064906,0.062156463,0.054710997,0.026468288
schTollGram_2,40.330632,-74.78868,40.33425519,-74.79325875,40.32700881,-74.78410125,0.05593142,0.074508612,0.006664555,0.671170369,0.009127896,0.166041256,0.016555892,0.072196953,0.110169728,0.040875843,0.506420426,0.048489993,0.217708081,0.004138975
schTollGram_3,40.330632,-74.767619,40.33425519,-74.77219775,40.32700881,-74.76304025,0.256790303,0.030311376,0.183004968,0.147304762,0.286330269,0.000526629,0.095731694,0.453760425,0.068301722,0.080464357,0.106879682,0.188151444,0.006462909,0.095979461
schTollGram_4,40.321026,-74.809579,40.32464919,-74.81415775,40.31740281,-74.80500025,0.056638022,0.129050582,0.253045332,0.485480342,0.059586077,0,0.016199645,0.190013305,0.1377453,0.179847881,0.390866949,0.03737255,0.034723129,0.029430886
schTollGram_5,40.321026,-74.78868,40.32464919,-74.79325875,40.31740281,-74.78410125,0.043401405,0.048900504,0.008394996,0.825915303,0.000854378,0.072533414,0,0.070608232,0.114451341,0.085314052,0.562861822,0.021532442,0.141784021,0.00344809
schTollGram_6,40.321026,-74.767619,40.32464919,-74.77219775,40.31740281,-74.76304025,0.259643347,0.232239768,0.024843681,0.25907517,0.03683516,0.000800193,0.186562682,0.349877023,0.23626758,0.042731723,0.195384274,0.054939282,0.021814857,0.098985262
schTollGram_7,40.311546,-74.809579,40.31516919,-74.81415775,40.30792281,-74.80500025,0.624008689,0.046270402,0.109216293,0.072056756,0.017280296,0.099813191,0.031354373,0.531118166,0.093049487,0.160625943,0.061171591,0.026057725,0.092135934,0.035841154
schTollGram_8,40.311546,-74.78868,40.31516919,-74.79325875,40.30792281,-74.78410125,0.023932138,0.134070601,0.05647943,0.577184703,0.039047914,0.132620412,0.036664802,0.155758205,0.152602714,0.118919435,0.391019404,0.062425038,0.103068413,0.016206791
schTollGram_9,40.311546,-74.767619,40.31516919,-74.77219775,40.30792281,-74.76304025,0.127468566,0.138104069,0.030211909,0.457715433,0.157664246,0.077885973,0.010949804,0.241796636,0.121952106,0.033607956,0.369141591,0.099403898,0.123224732,0.010873082
univArtMuseum_1,40.354959,-74.677713,40.35858219,-74.68229175,40.35133581,-74.67313425,0.042956959,0.121480184,0.021903337,0.586267666,0.153113304,0.07427855,0,0.137942008,0.165449665,0.00685603,0.496984889,0.105424985,0.044949111,0.042393311
univArtMuseum_2,40.354959,-74.656639,40.35858219,-74.66121775,40.35133581,-74.65206025,0.14937496,0,0,0.306304243,0,0.544320797,0,0.094293666,0.00315236,0,0.328580374,0.001740814,0.572232787,0
univArtMuseum_3,40.354959,-74.635716,40.35858219,-74.64029475,40.35133581,-74.63113725,0.040357726,0.012938112,0,0.903214467,0.0003446,0.043145094,0,0.021117274,0.038789499,0,0.77497577,0.066069703,0.099047753,0
univArtMuseum_4,40.343974,-74.677713,40.34759719,-74.68229175,40.34035081,-74.67313425,0.041828567,0.148240447,0.024711614,0.540189388,0.005498379,0.239531605,0,0.081198901,0.181273904,0.020488368,0.58536879,0.014913986,0.116756051,0
univArtMuseum_5,40.343974,-74.656639,40.34759719,-74.66121775,40.34035081,-74.65206025,0.198076132,0.02515122,0.002725775,0.004256565,0.003953269,0.76583704,0,0.223696347,0.066076204,0.008916659,0.034474231,0.050970201,0.615866359,0
univArtMuseum_6,40.343974,-74.635716,40.34759719,-74.64029475,40.34035081,-74.63113725,0.035155937,0.039556366,0.047517912,0.40426639,0.362692694,0.089057029,0.021753672,0.178795012,0.041095913,0.054906447,0.266406417,0.262262889,0.188608508,0.007924815
univArtMuseum_7,40.334793,-74.677713,40.33841619,-74.68229175,40.33116981,-74.67313425,0.137228684,0.14454959,0,0.669462281,0.048267052,0.000492392,0,0.156656249,0.19068822,0.010604475,0.475325632,0.059024677,0.095965789,0.011734958
univArtMuseum_8,40.334793,-74.656639,40.33841619,-74.66121775,40.33116981,-74.65206025,0.327116761,0.150241595,0,0.019932782,0.165449176,0.337259686,0,0.272392691,0.195598016,0.029140873,0.073466743,0.176179143,0.250190392,0.003032142
univArtMuseum_9,40.334793,-74.635716,40.33841619,-74.64029475,40.33116981,-74.63113725,0.512503325,0.000262985,0.148018112,0.046966498,0.012104134,0.280144946,0,0.392702778,0.026675171,0.072871475,0.102421574,0.104401511,0.293003739,0.007923754
univForestSwTrack_1,40.353617,-74.671335,40.35724019,-74.67591375,40.34999381,-74.66675625,0.017635551,0.034677597,0,0.827738177,0.021278952,0.098669723,0,0.083003642,0.078904312,0.00391272,0.514384366,0.070901708,0.230811491,0.018081762
univForestSwTrack_2,40.353617,-74.650305,40.35724019,-74.65488375,40.34999381,-74.64572625,0.030615133,0.010422001,0,0.455651892,0,0.503310974,0,0.076135461,0.00617679,0,0.43842579,0.006283715,0.472978245,0
univForestSwTrack_3,40.353617,-74.629285,40.35724019,-74.63386375,40.34999381,-74.62470625,0,0.030278871,0,0.676923328,0.250849492,0.041948309,0,0.030948375,0.065955968,0.042732516,0.487736829,0.137450906,0.235175406,0
univForestSwTrack_4,40.342717,-74.671335,40.34634019,-74.67591375,40.33909381,-74.66675625,0.079355258,0.123347984,0.018138546,0.648121204,0,0.131037009,0,0.089836404,0.084183442,0.005343418,0.588374238,0.005894252,0.226368246,0
univForestSwTrack_5,40.342717,-74.650305,40.34634019,-74.65488375,40.33909381,-74.64572625,0.305024095,0.18978734,0.015652953,0,0.171166105,0.318369507,0,0.225601239,0.118296549,0.027420334,0.037440145,0.135978997,0.455262736,0
univForestSwTrack_6,40.342717,-74.629285,40.34634019,-74.63386375,40.33909381,-74.62470625,0.020384354,0.065789915,0.022214645,0.109520713,0.442192631,0.339897742,0,0.136041257,0.058249409,0.089213801,0.157805823,0.227934998,0.322830043,0.007924669
univForestSwTrack_7,40.333492,-74.671335,40.33711519,-74.67591375,40.32986881,-74.66675625,0.230704139,0.085023676,0,0.408729214,0.008437107,0.267105863,0,0.173854819,0.246940973,0.009650266,0.402547722,0.019062608,0.147943612,0
univForestSwTrack_8,40.333492,-74.650305,40.33711519,-74.65488375,40.32986881,-74.64572625,0.230704139,0.085023676,0,0.408729214,0.008437107,0.267105863,0,0.244732989,0.140571354,0.04391068,0.051019631,0.213677655,0.303055607,0.003032084
univForestSwTrack_9,40.333492,-74.629285,40.33711519,-74.63386375,40.32986881,-74.62470625,0.221517638,0.026367053,0.004515739,0.003293239,0.113508524,0.630797806,0,0.249769938,0.03720394,0.040236249,0.122735788,0.203463681,0.325501132,0.021089272
univGuyotHall_1,40.356659,-74.675203,40.36028219,-74.67978175,40.35303581,-74.67062425,0.062286109,0.17338182,0.010291632,0.570237765,0.142847978,0.019139812,0.021814884,0.158804428,0.171071376,0.006381968,0.408218224,0.120610411,0.069179114,0.065734478
univGuyotHall_2,40.356659,-74.654241,40.36028219,-74.65881975,40.35303581,-74.64966225,0.106856523,0.003156063,0,0.489344727,0,0.400642687,0,0.087633974,0.004318466,0,0.475063558,0,0.432984002,0
univGuyotHall_3,40.356659,-74.633262,40.36028219,-74.63784075,40.35303581,-74.62868325,0.030089807,0.070517148,0,0.857796606,0.003726033,0.037870406,0,0.013121417,0.049522507,0.005208708,0.710542737,0.150054527,0.071550104,0
univGuyotHall_4,40.345588,-74.675203,40.34921119,-74.67978175,40.34196481,-74.67062425,0.027582465,0.074483288,3.04E-05,0.654712791,0.005429553,0.237761503,0,0.045673852,0.143910148,0.019213688,0.640156909,0.015127428,0.135917975,0
univGuyotHall_5,40.345588,-74.654241,40.34921119,-74.65881975,40.34196481,-74.64966225,0.107986804,0.042389171,0,0,0.013739098,0.835884926,0,0.184466046,0.069599764,0.009251128,0.062650941,0.061167627,0.612864494,0
univGuyotHall_6,40.345588,-74.633262,40.34921119,-74.63784075,40.34196481,-74.62868325,0.02540497,0.047240523,0.02330759,0.4891099,0.331160294,0.083776723,0,0.099075907,0.049643827,0.041493723,0.340216867,0.256687231,0.204957443,0.007925002
univGuyotHall_7,40.336579,-74.675203,40.34020219,-74.67978175,40.33295581,-74.67062425,0.049596246,0.16949123,0,0.748313099,0.013359527,0.019239897,0,0.119108236,0.140056669,0.010269358,0.553013529,0.046541672,0.131010536,0
univGuyotHall_8,40.336579,-74.654241,40.34020219,-74.65881975,40.33295581,-74.64966225,0.049596246,0.16949123,0,0.748313099,0.013359527,0.019239897,0,0.301205444,0.177850487,0.026824812,0.031278857,0.170199082,0.289609096,0.003032221
univGuyotHall_9,40.336579,-74.633262,40.34020219,-74.63784075,40.33295581,-74.62868325,0.363247411,0.012911963,0.117471854,0.015431823,0.114031703,0.370717302,0.006187944,0.335052531,0.0172284,0.071578887,0.061927404,0.194291105,0.311997713,0.00792396
univSolarFarm_1,40.345334,-74.668232,40.34895719,-74.67281075,40.34171081,-74.66365325,0.060751188,0.017417675,0.020009152,0.504722502,0.001379304,0.39572018,0,0.111587735,0.04265683,0.007029569,0.491652215,0.00265058,0.344423071,0
univSolarFarm_2,40.345334,-74.647146,40.34895719,-74.65172475,40.34171081,-74.64256725,0.246299055,0.123529065,0.041445324,0.057215137,0.140911477,0.390599943,0,0.200284446,0.084320369,0.031705995,0.165943557,0.124395784,0.393349849,0
univSolarFarm_3,40.345334,-74.626075,40.34895719,-74.63065375,40.34171081,-74.62149625,0.05249742,0.144906268,0.177694985,0.067591294,0.298899485,0.258410548,0,0.070203017,0.060458905,0.103248786,0.185579084,0.20086151,0.37772532,0.001923378
univSolarFarm_4,40.334348,-74.668232,40.33797119,-74.67281075,40.33072481,-74.66365325,0.098326658,0.018233577,0.024803363,0.496746736,1.91E-06,0.361887755,0,0.2815935,0.223065847,0.009650386,0.303947497,0.014113983,0.167628785,0
univSolarFarm_5,40.334348,-74.647146,40.33797119,-74.65172475,40.33072481,-74.64256725,0.098326658,0.018233577,0.024803363,0.496746736,1.91E-06,0.361887755,0,0.316755257,0.121906341,0.059572393,0.064293888,0.175478484,0.258961516,0.003032122
univSolarFarm_6,40.334348,-74.626075,40.33797119,-74.63065375,40.33072481,-74.62149625,0.228454933,0.02950231,0.01236437,0,0.306033441,0.423644946,0,0.206240955,0.023643564,0.039318402,0.061022682,0.236169356,0.404178509,0.029426532
univSolarFarm_7,40.325165,-74.668232,40.32878819,-74.67281075,40.32154181,-74.66365325,0.149899536,0.737603333,0,0,0.112497131,0,0,0.230171997,0.414364759,0.001462696,0.006729578,0.233759996,0.113510972,0
univSolarFarm_8,40.325165,-74.647146,40.32878819,-74.65172475,40.32154181,-74.64256725,0.064197041,0.011660636,0.078976284,0.059645962,0.067214833,0.718305245,0,0.155794453,0.036962569,0.074390571,0.063619873,0.120002969,0.546197848,0.003031716
univSolarFarm_9,40.325165,-74.626075,40.32878819,-74.63065375,40.32154181,-74.62149625,0.072438053,0.19290813,0.025977314,0.258226189,0.327965999,0.045814821,0.076669494,0.057473636,0.104631852,0.032882335,0.183739004,0.263819862,0.272370042,0.085083269
urbanLibrary_1,40.357259,-74.671573,40.36088219,-74.67615175,40.35363581,-74.66699425,0.098335846,0.146084786,0.010291684,0.408214407,0.178455672,0.084550749,0.074066856,0.125825878,0.162260455,0.005548093,0.366642613,0.105553246,0.178548638,0.055621077
urbanLibrary_2,40.357259,-74.660325,40.36088219,-74.66490375,40.35363581,-74.65574625,0.178765429,0,0,0.383067771,0,0.4381668,0,0.132020485,0.022914137,0,0.373323163,0.02461899,0.430181207,0.016942017
urbanLibrary_3,40.357259,-74.648996,40.36088219,-74.65357475,40.35363581,-74.64441725,0.012513203,0.013578645,0,0.639173614,1.75E-05,0.334716996,0,0.048422878,0.006503522,0,0.618944433,0.002701851,0.323427316,0
urbanLibrary_4,40.35151,-74.671573,40.35513319,-74.67615175,40.34788681,-74.66699425,0,0.020660856,0,0.9004696,0,0.078869544,0,0.038102527,0.061693182,0.008801466,0.568358622,0.039954789,0.283089415,0
urbanLibrary_5,40.35151,-74.660325,40.35513319,-74.66490375,40.34788681,-74.65574625,0.09904649,0,0,0.065984413,0,0.834969098,0,0.065829501,0.00124521,0.002052306,0.215779117,0.009800183,0.705293683,0
urbanLibrary_6,40.35151,-74.648996,40.35513319,-74.65357475,40.34788681,-74.64441725,0.031156655,0.008835603,0,0.474417178,0,0.485590564,0,0.070722157,0.009647792,0.003452614,0.378842492,0.011194715,0.52614023,0
urbanLibrary_7,40.34662,-74.671573,40.35024319,-74.67615175,40.34299681,-74.66699425,0.000988609,0.01834971,0.020009527,0.828340481,0,0.132311673,0,0.053628177,0.077580522,0.006389013,0.58118621,0.005099089,0.27611699,0
urbanLibrary_8,40.34662,-74.660325,40.35024319,-74.66490375,40.34299681,-74.65574625,0.002751259,0,0.008109289,0.046824285,0,0.942315166,0,0.128952497,0.029165174,0.006665828,0.156420617,0.003911575,0.674884308,0
urbanLibrary_9,40.34662,-74.648996,40.35024319,-74.65357475,40.34299681,-74.64441725,0.222314812,0.064743637,0.006634326,0.125230304,0.009601707,0.571475214,0,0.157273975,0.064795,0.025653251,0.181736967,0.097877923,0.472662885,0
