ID,SEG_Image,BB_Image,Genus,Family,ScientificName,YearCollected,Lat,Lon,State,Locality,BasinName,BasinID,SubbasinID,Score,Angle_head,Ratio_bodyLenByBodyWid,Ratio_headLenByBodyLen,Ratio_headLenByTrunkLen,Ratio_trunkLenByBodyLen,Ratio_headWidthByBodyWid,Ratio_snout2EyeLenByHeadLen,Ratio_dorsFinLenByBodyLen,Ratio_eyeAreaByHeadArea,Ratio_headAreaByBodyArea,Ratio_trunkAreaByBodyArea,Ratio_eyeDiamByHeadWid,Ratio_bodyWidthByhHeadWidth,Loc_eyeOnHeadHoriz,Loc_eyeOnHeadVertical,Loc_snoutOnHeadVertical,Loc_dorsFinOnBodyHoriz,Loc_pelvFinOnBodyHoriz,Loc_analFinOnBodyHoriz,Y1950_spAvgFlow,Y1950_spMinFlow,Y1950_spMaxFlow,Y1950_spAvgWtrTemp,Y1950_spMinWtrTemp,Y1950_spMaxWtrTemp,Y1950_faAvgFlow,Y1950_faMinFlow,Y1950_faMaxFlow,Y1950_faAvgWtrTemp,Y1950_faMinWtrTemp,Y1950_faMaxWtrTemp,Y1960_spAvgFlow,Y1960_spMinFlow,Y1960_spMaxFlow,Y1960_spAvgWtrTemp,Y1960_spMinWtrTemp,Y1960_spMaxWtrTemp,Y1960_faAvgFlow,Y1960_faMinFlow,Y1960_faMaxFlow,Y1960_faAvgWtrTemp,Y1960_faMinWtrTemp,Y1960_faMaxWtrTemp,Y1970_spAvgFlow,Y1970_spMinFlow,Y1970_spMaxFlow,Y1970_spAvgWtrTemp,Y1970_spMinWtrTemp,Y1970_spMaxWtrTemp,Y1970_faAvgFlow,Y1970_faMinFlow,Y1970_faMaxFlow,Y1970_faAvgWtrTemp,Y1970_faMinWtrTemp,Y1970_faMaxWtrTemp,Y1980_spAvgFlow,Y1980_spMinFlow,Y1980_spMaxFlow,Y1980_spAvgWtrTemp,Y1980_spMinWtrTemp,Y1980_spMaxWtrTemp,Y1980_faAvgFlow,Y1980_faMinFlow,Y1980_faMaxFlow,Y1980_faAvgWtrTemp,Y1980_faMinWtrTemp,Y1980_faMaxWtrTemp,Y1990_spAvgFlow,Y1990_spMinFlow,Y1990_spMaxFlow,Y1990_spAvgWtrTemp,Y1990_spMinWtrTemp,Y1990_spMaxWtrTemp,Y1990_faAvgFlow,Y1990_faMinFlow,Y1990_faMaxFlow,Y1990_faAvgWtrTemp,Y1990_faMinWtrTemp,Y1990_faMaxWtrTemp,Y2000_spAvgFlow,Y2000_spMinFlow,Y2000_spMaxFlow,Y2000_spAvgWtrTemp,Y2000_spMinWtrTemp,Y2000_spMaxWtrTemp,Y2000_faAvgFlow,Y2000_faMinFlow,Y2000_faMaxFlow,Y2000_faAvgWtrTemp,Y2000_faMinWtrTemp,Y2000_faMaxWtrTemp,Y2010_spAvgFlow,Y2010_spMinFlow,Y2010_spMaxFlow,Y2010_spAvgWtrTemp,Y2010_spMinWtrTemp,Y2010_spMaxWtrTemp,Y2010_faAvgFlow,Y2010_faMinFlow,Y2010_faMaxFlow,Y2010_faAvgWtrTemp,Y2010_faMinWtrTemp,Y2010_faMaxWtrTemp,Y2020_spAvgFlow,Y2020_spMinFlow,Y2020_spMaxFlow,Y2020_spAvgWtrTemp,Y2020_spMinWtrTemp,Y2020_spMaxWtrTemp,Y2020_faAvgFlow,Y2020_faMinFlow,Y2020_faMaxFlow,Y2020_faAvgWtrTemp,Y2020_faMinWtrTemp,Y2020_faMaxWtrTemp
kk37wd6p,https://fishair.org/hdr-share/ftp/ark/89609/seg/GLIN/INHS/qc02j079.png,https://fishair.org/hdr-share/ftp/ark/89609/bb/GLIN/INHS/0p447j67.png,Lepomis,Centrarchidae,Lepomis cyanellus,1999,36.43992,-88.45038,Tennessee,Henry,Obion Hatchie Basin,34,23,0.0386008914657638,59.4046999932642,2.91139295925357,0.374287364738607,0.588774272603315,0.635706045856359,0.672971825604829,0.365957043385557,0.505555544195942,0.0851202079272255,0.243400621118012,0.735881067402807,0.313525632453516,1.45303878864656,0.407821229050279,0.625,0.367647058823529,0.365482233502538,0.368866328257191,0.612521150592217,4.255999962,2.931,5.62,18.23333327,15.56,20.24,1.640666644,1.132,2.201,18.77333323,13.32,22.31,4.007666667,3.01,5.034,22.52666601,19.63,25.74,2.397666732,1.945,2.897,19.36000061,14.27,23.69,3.488666693,2.37,5.142,21.02333323,15.17,26.27,1.410333355,1.013,1.845,21.11333307,14.8,26.22,3.314333439,2.63,3.709,22.58333333,20.25,24.41,3.376000007,2.188,4.624,18.47333336,11.58,23.28,4.881999969,3.468,6.36,22.02666664,18.97,24.37,3.029666662,2.194,3.872,19.72999954,12.98,25.23,4.481000026,3.936,5.116,22.33333333,19.18,24.01,3.200333357,2.887,3.655,21.14666621,17.14,24.74,4.010999997,3.219,5.161,21.90666707,18.24,24.87,4.550333341,3.322,6.318,18.85999966,15.95,22.07,1.399166663,0.9585,1.92,24.1433328,18.49,28.23,0.698766669,0.6206,0.7702,20.10333347,13.44,24.68
r1493s77,https://fishair.org/hdr-share/ftp/ark/89609/seg/GLIN/INHS/z858nq7z.png,https://fishair.org/hdr-share/ftp/ark/89609/bb/GLIN/INHS/j4015b79.png,Lepomis,Centrarchidae,Lepomis cyanellus,1964,37.21938,-89.42828,Illinois,Alexander,Kaskaskia Basin,31,262,0.0419068962212741,54.6855810739843,3.02549829737806,0.377521459214072,0.596721983953469,0.632658875265286,0.704593525937961,0.375090641744868,0.474361017765097,0.0922880223164991,0.249916486325544,0.727019215407184,0.327163111112182,1.23733677448207,0.393939393939394,0.554744525547445,0.335766423357664,0.383050847457627,0.374576271186441,0.630508474576271,5.254666527,1.093,11.44,25.63333384,19.86,30.04,0.732900004,0.6432,0.9024,22.84666697,16.17,28.26,2.660666704,1.951,3.505,26.06999969,22.97,29.81,2.380333304,1.352,3.932,21.87333298,16.43,27.06,4.141666651,1.563,7.363,20.01333332,14.96,27.86,0.72056665,0.5936,0.9019,23.90999985,16.73,29.78,5.336000125,4.629,6.382,19.85333316,17.72,22.4,5.125000079,3.563,7.806,16.64000003,10.58,19.81,9.048666636,6.116,10.67,19.63333321,18.02,20.49,4.891333342,2.963,7.054,17.95666663,11.72,21.14,6.065333366,4.295,7.86,19.15666612,15.04,22.8,2.893333356,2.201,3.992,19.02666664,18.33,19.59,7.297999859,5.766,8.174,19.21666654,16.27,21.92,8.562000036,3.472,15.75,17.24333318,14.33,22.13,1.958766659,0.6193,3.639,27.67999967,20.55,33,0.55613333,0.411,0.7944,22.64666684,15.35,27.72
3984hw8j,https://fishair.org/hdr-share/ftp/ark/89609/seg/GLIN/INHS/wh63m10r.png,https://fishair.org/hdr-share/ftp/ark/89609/bb/GLIN/INHS/8x16z189.png,Lepomis,Centrarchidae,Lepomis cyanellus,1963,37.60619,-88.7085,Illinois,Saline,Ohio River Basin,20,874,0.0419282103471398,58.8169089732451,2.99858393704791,0.354154090559721,0.538978397345269,0.657084017289194,0.71518805062697,0.364513957011019,0.472743165939338,0.0858746035618444,0.248975005314787,0.729644364806997,0.305018933586484,1.40646928498685,0.347150259067358,0.63768115942029,0.391304347826087,0.391752577319588,0.381443298969072,0.609965635738832,7.66566666,3.056,11.99,27.34000015,21.19,32.11,1.048066656,0.6358,1.561,24.44333331,16.61,30.34,6.575333357,3.588,10.62,27.43000031,24.62,31.07,2.390000025,1.598,2.947,23.56666629,17.97,28.68,6.205000003,2.76,9.802,25.19000053,17.69,32.34,1.637666623,1.197,2.12,25.56666692,18.1,31.48,9.603666623,8.215,11.88,27.8700002,25.95,29.84,8.930333217,3.239,16.31,22.50999991,13.96,28.33,12.04633347,7.239,15.39,27.38333321,22.94,31.06,4.234333277,3.128,6.298,23.72999954,15.67,30.39,12.14199988,6.106,20.25,27.763333,23.8,30.48,5.062666734,3.06,7.933,26.01999982,20.65,31.41,11.19233322,8.287,14.32,26.36000061,21.6,30.44,12.6266667,4.323,24.75,24.29666646,19.97,29.3,3.429333448,1.621,5.905,29.58333333,22.44,34.84,0.982333342,0.7201,1.266,24.48000081,16.7,29.79
c187k95b,https://fishair.org/hdr-share/ftp/ark/89609/seg/GLIN/INHS/m104qh0q.png,https://fishair.org/hdr-share/ftp/ark/89609/bb/GLIN/INHS/3g71bh1q.png,Lepomis,Centrarchidae,Lepomis cyanellus,1968,38.05346,-89.22357,Illinois,Perry,Kaskaskia Basin,31,201,0.0421813305427746,55.9352245494071,2.83959829899973,0.391439186258252,0.637282351058969,0.614231957950506,0.712150473038675,0.403566408573005,0.507709648953743,0.0959084406294707,0.264832916571948,0.709767371372282,0.327104059333689,1.35104929583535,0.362445414847162,0.579710144927536,0.347826086956522,0.419182948490231,0.399644760213144,0.600355239786856,1.712733326,0.1211,4.316,25.63333321,19.99,29.97,0.141993333,0.04548,0.2602,22.79666646,16.01,28.38,0.470766673,0.3559,0.5756,26.12666702,22.92,29.94,0.85816666,0.1702,1.706,21.93000031,16.6,27.07,0.87683331,0.1886,2.024,23.38666662,16.28,31.05,0.125066665,0.082,0.1818,23.84999975,16.55,29.84,0.735233327,0.6378,0.9058,24.99666659,20.09,28.34,0.871866653,0.4011,1.805,20.30999947,11.48,26.57,1.790433307,0.4343,3.017,20.93000031,18.85,24.4,1.222033302,0.6105,2.103,20.92333349,11.67,28.29,0.931033333,0.5621,1.533,24.56333351,20.65,27.61,0.43386667,0.324,0.5546,23.42000008,19.37,26.63,1.539666653,1.153,2.306,22.68000031,19.29,25.79,1.441233307,0.3799,3.113,18.80666669,17.59,20.03,0.536133322,0.0418,1.3,27.81666629,20.3,33.21,0.11480333,0.03748,0.2539,22.67333317,15.44,27.69
sb82h03n,https://fishair.org/hdr-share/ftp/ark/89609/seg/GLIN/INHS/48898c0j.png,https://fishair.org/hdr-share/ftp/ark/89609/bb/GLIN/INHS/rf39ms44.png,Lepomis,Centrarchidae,Lepomis cyanellus,1968,38.30221,-89.29264,Illinois,Washington,Kaskaskia Basin,31,166,0.0346165603086845,63.440942105276,2.76021920963772,0.362917927441193,0.569282248317371,0.637500868003299,0.73215514190844,0.374437991617902,0.448957021327859,0.0965691818818334,0.255020190643628,0.720352718182567,0.310744247410081,1.37355040505724,0.406593406593407,0.536423841059603,0.357615894039735,0.399653979238754,0.403114186851211,0.633217993079585,1.297033355,0.1444,3.509,25.68000031,20.08,30.04,0.177300001,0.107,0.317,23.00666618,16.38,28.47,0.527200003,0.319,0.7,25.98000018,22.82,29.94,0.850233316,0.2335,1.716,21.87666702,16.77,27,0.596233343,0.1808,1.263,22.78333346,14.92,31.02,0.108763335,0.09487,0.1333,24.01666641,16.63,30.15,0.906066656,0.6268,1.459,23.69333331,17.09,27.64,0.69266664,0.3753,1.287,20.8633337,12.3,26.62,1.3116,0.4958,1.77,19.08333333,16.28,23.55,0.624733329,0.2735,1.112,22.02666632,14.71,28.4,0.855599999,0.5805,1.076,24.99666659,20.41,27.84,0.532100002,0.3696,0.8391,24.02333323,19.54,28.3,1.920333346,1.377,2.437,19.09000015,17.22,22.79,1.994433284,0.4173,4.495,17.93000031,16.99,19.12,0.61710001,0.1248,1.251,24.61666616,19.19,32.69,0.218399999,0.1045,0.3425,22.85666656,15.91,27.7
mj15k995,https://fishair.org/hdr-share/ftp/ark/89609/seg/GLIN/INHS/vn03t867.png,https://fishair.org/hdr-share/ftp/ark/89609/bb/GLIN/INHS/0g20fr53.png,Lepomis,Centrarchidae,Lepomis cyanellus,1968,38.31259,-88.60977,Illinois,Wayne,Ohio River Basin,20,710,0.0435460782568622,60.1578589432884,2.82169189266956,0.381098089231652,0.60517518748758,0.629731848084855,0.699304963103683,0.378070421889492,0.523147607523383,0.0931298595799002,0.250650842823276,0.726006079381008,0.322815055229322,1.24472459169585,0.45,0.62589928057554,0.352517985611511,0.4,0.382300884955752,0.619469026548673,15.7483333,8.135,24.16,24.19333331,18.5,28.33,2.743666689,1.581,4.215,21.67666658,14.8,26.83,14.14500014,7.415,24.5,24.69333331,21.72,28.25,5.847999891,4.724,7.502,21.05999947,15.99,25.98,7.70299991,4.766,11.79,22.90999953,15.72,29.71,2.736666679,1.971,3.582,23.18000031,16.28,28.68,13.40666676,8.981,22.18,25.37666702,23.37,27.26,7.813999971,5.895,10.41,20.30000019,12.31,25.67,17.83033339,8.811,24.14,24.29333369,19.92,27.87,6.364000003,5.304,7.021,20.8233331,13.32,27.01,17.27333291,10.86,20.9,25.24666659,21.48,27.67,6.599666754,4.714,8.87,23.42000008,18.48,28.41,17.02333323,10.9,20.51,23.80666669,19.34,27.32,20.28033336,6.541,41.27,21.90000025,18.02,26.26,3.380666693,1.939,4.256,26.9399999,20.01,31.81,1.265066663,0.9462,1.61,21.86999957,14.73,26.75
cd01v05x,https://fishair.org/hdr-share/ftp/ark/89609/seg/GLIN/INHS/0v47sh58.png,https://fishair.org/hdr-share/ftp/ark/89609/bb/GLIN/INHS/kp184909.png,Lepomis,Centrarchidae,Lepomis cyanellus,1994,38.5517,-88.10753,Illinois,Edwards,Ohio River Basin,20,684,0.0397958581024319,62.1429940859754,2.840357212561,0.375589301907203,0.593322094004087,0.633027668618414,0.708495289102714,0.377388701159702,0.485577763523997,0.0683786354307454,0.251216659750255,0.731605487858553,0.277406467037079,1.41266135047529,0.377450980392157,0.624161073825503,0.375838926174497,0.39202657807309,0.377076411960133,0.646179401993355,38.61333338,29.98,45.29,23.84333356,18.76,27.73,8.611999989,4.668,13.78,21.55666701,15.03,26.45,39.24333254,18.69,64.78,24.35333316,21.7,27.81,13.20333322,12.23,14.34,20.83666674,16.1,25.56,18.52666664,11.02,26.88,22.48999977,15.58,28.99,6.362000148,4.609,8.295,22.73000018,16.11,28.02,32.93666808,14.95,65.16,24.91666667,23.04,26.89,17.95000013,12.77,27.31,20.17666658,12.38,25.4,40.33666674,21.63,53.65,24.03000005,19.65,27.52,17.05000019,11.3,23.42,20.95666663,13.7,26.69,36.69666545,24.21,44.53,24.82000033,21.41,26.95,13.59966691,9.609,18.7,23.36666679,18.61,28.13,38.06333351,23.26,49.91,23.54999987,19.17,26.9,49.5966657,12.91,103.7,21.6766669,18.03,25.78,12.89499998,4.735,19.48,26.52333323,19.89,31.29,2.830666701,2.549,3.367,21.65333303,14.91,26.23
0s455281,https://fishair.org/hdr-share/ftp/ark/89609/seg/GLIN/INHS/hr85nd1g.png,https://fishair.org/hdr-share/ftp/ark/89609/bb/GLIN/INHS/1159d26k.png,Lepomis,Centrarchidae,Lepomis cyanellus,1965,38.57462,-89.36932,Illinois,Clinton,Kaskaskia Basin,31,118,0.0373323159428722,65.8685050572498,2.60183804279279,0.36961530094327,0.583259652713521,0.633706273395896,0.738092541936234,0.39172996577764,0.469460194219828,0.0906264133876074,0.24799506477483,0.729530031966799,0.294148782598585,1.38206276628967,0.423529411764706,0.58,0.373333333333333,0.399260628465804,0.388170055452865,0.66913123844732,38.49333318,18.2,60.16,24.77999942,19.58,28.63,15.46999995,10.36,25.61,22.11666648,15.28,27.35,44.24666659,24.94,69.6,25.03333346,21.79,29.09,46.00333277,16.3,67.63,20.76333364,15.73,25.87,31.01000086,16.43,43.74,22.41666635,14.78,30.21,7.174666564,6.27,8.702,22.99333286,15.45,29.06,79.50666682,48.93,127.5,22.42000008,17.35,26.84,77.65333303,60.18,93.89,16.65333398,10.22,21.87,76.59999975,55.94,94.68,18.52666664,16.3,20.19,54.41333262,30.55,91,19.46666654,11.25,25.75,62.09333293,44.78,79.36,22.23999977,19.59,27.05,38.28333282,29.18,52.3,22.95333354,18.3,27.04,88.51333364,79.24,97.15,19.61333338,17.31,23.79,110.5200017,32.11,217.1,18.513333,18.14,19.16,34.48333263,14.62,49.67,26.513333,19.9,32.46,14.25833321,8.975,20.98,21.56000042,14.45,26.36
bw253r9v,https://fishair.org/hdr-share/ftp/ark/89609/seg/GLIN/INHS/fz94tz8k.png,https://fishair.org/hdr-share/ftp/ark/89609/bb/GLIN/INHS/2304r746.png,Lepomis,Centrarchidae,Lepomis cyanellus,1999,38.61647,-79.80645,West Virginia,Pocahantas,Ohio River Basin,20,774,0.0365797491723275,59.9395255198226,2.93915149230884,0.377228188078679,0.598048238344329,0.630765486615292,0.719966859489663,0.368143816039475,0.467691252979118,0.0856409644306517,0.261632627568547,0.715960901879958,0.305966922865425,1.38311856679756,0.47682119205298,0.611510791366906,0.37410071942446,0.389473684210526,0.396491228070175,0.624561403508772,20.62333361,20.29,21.19,19.90333303,14.26,24.32,9.022666454,5.704,12.69,17.54699993,8.911,23,22.14666621,18.16,26.9,20.92333349,19.08,23.94,10.93800004,9.394,12.53,16.39566676,9.907,21.95,23.17000008,14.25,31.14,18.93333308,12.57,24.89,6.644333363,4.468,9.144,17.83000024,11.22,23.18,16.72000027,10.5,24.54,21.02333323,19.28,23.22,13.81999969,10.18,19.3,16.33833377,8.965,22.01,21.5733331,19.83,23.73,19.99666659,15.1,24.16,14.03666655,11.69,18.18,16.97366651,8.931,22.67,11.57333342,9.54,13.83,21.3100001,17.67,24.03,8.144333363,6.736,10.25,19.71666622,14.19,24.74,18.65333366,13.68,21.27,20.15333335,15.3,23.84,19.71333377,18.4,21.79,17.90333366,13.34,23.44,14.09333324,8.14,21.38,22.38666693,15.8,27.01,5.535666784,4.425,6.414,17.8033336,10.2,23.04
q030hx72,https://fishair.org/hdr-share/ftp/ark/89609/seg/GLIN/INHS/8p89sb7h.png,https://fishair.org/hdr-share/ftp/ark/89609/bb/GLIN/INHS/tj87t20w.png,Lepomis,Centrarchidae,Lepomis cyanellus,1963,39.12901,-89.90385,Illinois,Macoupin,Upper Mississippi River Basin,27,1020,0.0426512548651801,57.4238739776002,3.14251863533688,0.368736922427424,0.577859506734689,0.638108256643636,0.716476293683429,0.355915208188931,0.416271790275005,0.109694780822888,0.236390116512656,0.737679121467792,0.352039253447681,1.40408217026587,0.348958333333333,0.592,0.368,0.389492753623188,0.380434782608696,0.634057971014493,1.965133299,0.3439,4.626,23.24333318,18.02,27.65,0.538706668,0.02702,0.9743,22.00000032,14.19,27.62,7.474666754,5.412,11.41,23.38999939,20.3,27.22,9.855666478,5.007,12.69,19.90999953,15.7,24.46,4.227333307,3.134,5.66,21.51333332,14.47,28.43,2.509333293,2.418,2.675,21.65000025,14.92,27.08,8.43599987,4.776,14.74,23.50666682,21.71,25.2,11.15799999,4.174,17.94,18.83666706,11.14,24.17,8.907333215,3.949,13.28,23.06333351,18.42,26.87,6.234666586,2.476,8.921,19.87666702,12.91,25.79,6.320333163,5.278,8.341,23.72666677,20.27,26.13,4.252000014,3.725,4.959,22.20999972,17.55,27.1,7.12833341,4.365,8.791,22.51666705,17.98,26.29,8.705666622,2.707,19.99,21.06333288,17.47,24.74,1.345450049,0.03835,2.604,25.72666613,18.74,30.48,1.081866642,0.2583,2.432,20.50333341,14.08,25.32
kf687b4q,https://fishair.org/hdr-share/ftp/ark/89609/seg/GLIN/INHS/3k33pb23.png,https://fishair.org/hdr-share/ftp/ark/89609/bb/GLIN/INHS/xw204k24.png,Lepomis,Centrarchidae,Lepomis cyanellus,1960,39.29938,-87.59858,Illinois,Clark,Ohio River Basin,20,454,0.0405892780019026,59.7335207609935,2.94409383415785,0.368291544813986,0.57931894894028,0.635731915014491,0.761138955297061,0.412526745909285,0.497670037894577,0.0864881502000616,0.2688568000331,0.707890272663329,0.30266390540618,1.30343291987823,0.396135265700483,0.607843137254902,0.366013071895425,0.388513513513513,0.376689189189189,0.616554054054054,486.3333435,269.2,754.9,22.32000033,17.25,26.17,225.2333374,163,333.1,20.08333333,13.34,24.84,639.7666626,368.2,907.8,22.88666662,20.16,26.41,220.3333333,184.2,253.8,19.1299998,14.66,23.71,282.7333272,153,370.8,20.83999952,14.07,27.22,80.52333323,59.78,104,20.90333303,14.26,26.23,448.4333242,191.7,820.6,23.33666674,21.76,24.89,202.9333344,174.8,231.2,18.52333323,10.9,23.72,357.3000031,228.3,486,22.53000005,17.94,26.19,374.1666616,217.8,614.6,19.18666681,12.29,24.84,550.2999878,350.3,715.8,23.51666641,20.14,25.55,229.8000031,129.3,384.7,21.71333377,16.68,26.79,457.7333171,278.3,599.6,22.23666636,17.92,25.4,512.3333384,178.3,794.3,20.3100001,16.61,24.18,114.1633352,72.19,143,25.22999954,18.32,29.96,62.45333354,47.72,84.28,20.06666629,13.33,24.66
xh94vd70,https://fishair.org/hdr-share/ftp/ark/89609/seg/GLIN/INHS/tm33987v.png,https://fishair.org/hdr-share/ftp/ark/89609/bb/GLIN/INHS/9812pc81.png,Lepomis,Centrarchidae,Lepomis cyanellus,2006,39.35947,-90.49547,Illinois,Greene,Upper Mississippi River Basin,27,1019,0.0396164273315559,62.9439556150909,2.86885738956893,0.370627625559464,0.585740360874749,0.632750703752027,0.681293530192244,0.343726247953729,0.491853128596169,0.0914402432072962,0.238222946441706,0.739993889398106,0.325699760950603,1.44354001315912,0.38265306122449,0.598684210526316,0.388157894736842,0.39906103286385,0.38810641627543,0.643192488262911,2.692599972,0.7908,5.804,22.89666621,17.67,27.22,1.991076616,0.04023,3.475,21.54333305,14.23,27.15,7.221333265,3.891,13.36,22.90000025,19.74,26.59,5.383666754,3.536,6.94,19.65333335,15.46,24.16,4.151000102,2.821,5.76,21.2566665,14.21,28.18,2.6146667,2.297,2.999,21.70666695,15.02,27.18,8.534666538,4.791,11.9,23.33666674,21.76,25.03,9.865333319,3.004,17.65,18.60000038,11.09,23.86,9.061000268,3.528,14.31,22.76666641,18.25,26.48,4.031000058,2.396,5.912,19.63666662,12.82,25.62,8.901000182,5.423,12.51,23.54666646,20.09,26,4.34100008,3.947,5.083,21.95000013,17.4,26.85,7.051333268,4.029,11.54,22.46999995,17.9,26.06,14.07199987,2.208,36.98,20.88333321,17.33,24.65,1.987147712,0.004443,3.979,22.98999977,18.02,27.96,0.490933339,0.1056,1.115,20.30999978,13.61,25.39
9h79v46f,https://fishair.org/hdr-share/ftp/ark/89609/seg/GLIN/INHS/cv51s660.png,https://fishair.org/hdr-share/ftp/ark/89609/bb/GLIN/INHS/3t25b101.png,Lepomis,Centrarchidae,Lepomis cyanellus,2002,39.37667,-88.88111,Illinois,Shelby,Kaskaskia Basin,31,31,0.0433157493306789,61.9614273555179,2.76910955504968,0.388021073564731,0.628424560889478,0.617450522645905,0.738334188981118,0.42057302535611,0.504052221034829,0.0920615895260926,0.272307306050716,0.702623650514687,0.318914369123507,1.35469830268447,0.419811320754717,0.613924050632911,0.373417721518987,0.414839797639123,0.401349072512648,0.620573355817875,1.461533308,0.5286,2.672,24.77666601,19.56,28.72,0.611633331,0.4599,0.692,22.16666667,15.49,27.31,1.424100002,0.9943,2.01,25.28666623,22.08,29.39,1.662666659,0.746,2.53,20.89999994,15.89,26.14,1.238133351,0.5784,1.814,21.28666687,13.59,30.29,0.323499997,0.2311,0.4259,22.95000013,15.4,29.01,3.432000081,2.289,5.642,20.52666696,15.12,26.93,3.967666626,2.822,5.575,14.02700011,9.831,17.35,2.993000031,2.416,3.696,16.81666629,13.74,19.58,2.516199946,0.7536,4.621,19.39333375,10.61,26.2,2.015999993,1.418,2.905,22.95333354,18.36,27.12,1.038066665,0.8282,1.193,23.01666641,18.55,26.99,3.656333367,3.178,3.936,17.71999995,15.41,21.82,4.647666653,1.061,9.724,17.67999967,16.24,18.74,1.288166702,0.3675,1.955,25.73666636,20.1,32.42,0.608433346,0.3,0.9156,21.87666702,14.92,26.54
vb33b41r,https://fishair.org/hdr-share/ftp/ark/89609/seg/GLIN/INHS/tm33s646.png,https://fishair.org/hdr-share/ftp/ark/89609/bb/GLIN/INHS/0k947c50.png,Lepomis,Centrarchidae,Lepomis cyanellus,1990,39.66045,-89.59143,Illinois,Sangamon,Upper Mississippi River Basin,27,989,0.043149075088542,61.7252020702344,2.89436568090109,0.361284346393312,0.560298222066541,0.644807233299423,0.757223429363554,0.390988200087556,0.480883280159555,0.100384055092041,0.22920366070209,0.747787946394694,0.306604451803944,1.37893059403962,0.325471698113208,0.64963503649635,0.394160583941606,0.425959780621572,0.372943327239488,0.638025594149909,2.509333332,1.344,3.746,23.29666646,18.24,27.68,1.45843335,0.3613,2.516,22.03666687,14.41,27.6,3.82766668,2.937,5.579,23.28333346,20.25,27.09,4.677333196,2.475,6.028,19.8766667,15.78,24.42,2.601000031,1.946,3.384,21.51999982,14.42,28.22,1.588666638,1.435,1.749,21.54333305,14.9,26.84,3.723666668,2.814,4.597,23.52333323,21.99,25.07,4.982666651,2.729,7.509,18.79333369,11.16,24.12,4.683333476,2.667,6.662,23.13666662,18.68,26.73,2.701333324,1.906,3.159,19.75666682,12.98,25.6,3.485666672,2.733,4.467,23.86666743,20.62,26.12,2.303666671,2.206,2.406,22.20666695,17.57,27.04,3.778333346,2.796,4.312,22.64000003,18.35,26.05,5.79366672,1.801,12.84,20.95000013,17.48,24.36,0.375216668,0.02325,0.7051,25.68666712,18.58,30.28,0.365663342,0.03649,0.8981,20.58333333,14.34,25.08
gw88vt2j,https://fishair.org/hdr-share/ftp/ark/89609/seg/GLIN/INHS/8555dg3j.png,https://fishair.org/hdr-share/ftp/ark/89609/bb/GLIN/INHS/mg90kn2s.png,Lepomis,Centrarchidae,Lepomis cyanellus,1996,39.67052,-89.55648,Illinois,Sangamon,Upper Mississippi River Basin,27,989,0.037978541852335,56.7362138340806,3.03553856215497,0.385524855160429,0.625546432692113,0.616300941084865,0.719819325217754,0.371364931200313,0.463090757263443,0.0957472514195965,0.264635355053234,0.71002653707197,0.337300796952223,1.38923750025395,0.340909090909091,0.578947368421053,0.360902255639098,0.3875,0.392857142857143,0.641071428571429,2.509333332,1.344,3.746,23.29666646,18.24,27.68,1.45843335,0.3613,2.516,22.03666687,14.41,27.6,3.82766668,2.937,5.579,23.28333346,20.25,27.09,4.677333196,2.475,6.028,19.8766667,15.78,24.42,2.601000031,1.946,3.384,21.51999982,14.42,28.22,1.588666638,1.435,1.749,21.54333305,14.9,26.84,3.723666668,2.814,4.597,23.52333323,21.99,25.07,4.982666651,2.729,7.509,18.79333369,11.16,24.12,4.683333476,2.667,6.662,23.13666662,18.68,26.73,2.701333324,1.906,3.159,19.75666682,12.98,25.6,3.485666672,2.733,4.467,23.86666743,20.62,26.12,2.303666671,2.206,2.406,22.20666695,17.57,27.04,3.778333346,2.796,4.312,22.64000003,18.35,26.05,5.79366672,1.801,12.84,20.95000013,17.48,24.36,0.375216668,0.02325,0.7051,25.68666712,18.58,30.28,0.365663342,0.03649,0.8981,20.58333333,14.34,25.08
jf936j80,https://fishair.org/hdr-share/ftp/ark/89609/seg/GLIN/INHS/cq67vq4q.png,https://fishair.org/hdr-share/ftp/ark/89609/bb/GLIN/INHS/2q93v37c.png,Lepomis,Centrarchidae,Lepomis cyanellus,1990,39.71471,-89.57621,Illinois,Sangamon,Upper Mississippi River Basin,27,989,0.033017739206652,62.6227402726706,2.79602106096813,0.369875383412776,0.580037321190917,0.637675145891229,0.709048852356103,0.367497640171721,0.481347241727681,0.0786297760210804,0.246160033210524,0.734484458512791,0.28833433978401,1.39289337994655,0.387434554973822,0.589403973509934,0.370860927152318,0.39261744966443,0.37751677852349,0.610738255033557,2.509333332,1.344,3.746,23.29666646,18.24,27.68,1.45843335,0.3613,2.516,22.03666687,14.41,27.6,3.82766668,2.937,5.579,23.28333346,20.25,27.09,4.677333196,2.475,6.028,19.8766667,15.78,24.42,2.601000031,1.946,3.384,21.51999982,14.42,28.22,1.588666638,1.435,1.749,21.54333305,14.9,26.84,3.723666668,2.814,4.597,23.52333323,21.99,25.07,4.982666651,2.729,7.509,18.79333369,11.16,24.12,4.683333476,2.667,6.662,23.13666662,18.68,26.73,2.701333324,1.906,3.159,19.75666682,12.98,25.6,3.485666672,2.733,4.467,23.86666743,20.62,26.12,2.303666671,2.206,2.406,22.20666695,17.57,27.04,3.778333346,2.796,4.312,22.64000003,18.35,26.05,5.79366672,1.801,12.84,20.95000013,17.48,24.36,0.375216668,0.02325,0.7051,25.68666712,18.58,30.28,0.365663342,0.03649,0.8981,20.58333333,14.34,25.08
q1870051,https://fishair.org/hdr-share/ftp/ark/89609/seg/GLIN/INHS/fg22tp9f.png,https://fishair.org/hdr-share/ftp/ark/89609/bb/GLIN/INHS/ww69t47d.png,Lepomis,Centrarchidae,Lepomis cyanellus,1996,39.91004,-90.38931,Illinois,Cass,Upper Mississippi River Basin,27,970,0.0403595868618334,60.839403952681,2.91430377036043,0.379169078357357,0.609634302305667,0.621961521724287,0.722635758991935,0.398336916213567,0.472429374395925,0.0950812091786602,0.254086443142265,0.721754710607863,0.32405668884135,1.36476254593547,0.414141414141414,0.567375886524823,0.382978723404255,0.366197183098592,0.389084507042254,0.625,2.343999962,0.965,3.58,22.60333379,17.12,27.25,1.89500005,0.317,3.561,21.44666704,13.8,26.86,8.260666688,5.051,13.67,22.72333336,19.52,26.6,4.921000083,3.982,6.301,19.1833334,15.14,23.72,4.117333333,3.529,4.713,20.73333327,13.45,27.77,2.891666651,2.618,3.188,21.33666643,14.71,26.64,6.200666746,4.089,8.2,22.98999977,21.27,24.71,9.119333426,4.496,15.93,18.14000034,10.54,23.53,7.19266669,5.621,8.319,22.40999985,17.72,26.37,5.335000118,3.331,6.701,19.00666682,12.15,24.92,8.707333406,6.966,9.939,23.54999987,20.15,25.96,4.688333352,4.404,5.019,21.63333384,17.11,26.62,6.530666828,4.731,8.331,22.09666634,17.5,25.91,9.319000006,3.083,20.01,20.41666667,16.93,24.15,0.865349991,0.09405,1.418,25.21999995,17.5,30.17,0.333890006,0.06387,0.7393,19.86999989,13.39,24.66
p369bw2w,https://fishair.org/hdr-share/ftp/ark/89609/seg/GLIN/INHS/d815wp1c.png,https://fishair.org/hdr-share/ftp/ark/89609/bb/GLIN/INHS/7f059045.png,Lepomis,Centrarchidae,Lepomis cyanellus,1968,40.00224,-91.08122,Illinois,Adams,Upper Mississippi River Basin,27,965,0.0394316969052349,56.0247798645589,3.0120312907689,0.390073923676796,0.632416408102849,0.616799182752006,0.718173656791646,0.385158960765095,0.496734581849818,0.0968099714798775,0.256304739214598,0.718882406291879,0.342202078007502,1.36555231824613,0.397129186602871,0.581560283687943,0.354609929078014,0.418918918918919,0.393581081081081,0.601351351351351,2.444000006,1.31,3.723,22.74666659,17.72,26.87,2.804133294,0.1114,5.021,21.65999985,14.34,27.06,9.249000072,3.633,19.18,22.62666702,18.86,27.04,3.46633323,2.432,4.858,19.42999967,15.33,24.48,3.201666633,1.884,4.73,21.36666648,14.06,28.46,1.883000016,1.515,2.45,21.62666702,14.85,27.42,4.389000098,2.55,6.76,23.07666715,21.18,25.12,7.997666597,2.97,13.82,18.47999986,10.81,23.98,8.887333075,6.046,10.86,22.8100001,18.27,26.82,5.049999952,2.378,6.634,19.23999977,12.5,25.5,7.593666633,3.866,11.84,23.47666677,20.18,26.17,3.364333312,2.85,3.727,22.10666656,17.32,27.4,7.344000101,2.484,11.54,22.46666718,17.79,26.54,10.70400008,1.734,27.01,20.98666636,17.23,24.56,0.586633341,0.0173,1.08,25.54333369,18.17,30.18,0.870266676,0.3894,1.528,20.17000008,13.93,25.01
d7220g9j,https://fishair.org/hdr-share/ftp/ark/89609/seg/GLIN/INHS/ds005q1z.png,https://fishair.org/hdr-share/ftp/ark/89609/bb/GLIN/INHS/fj79r11w.png,Lepomis,Centrarchidae,Lepomis cyanellus,2012,40.34361,-90.91375,Illinois,Hancock,Upper Mississippi River Basin,27,917,0.0359767290089756,62.9480275751089,2.76935295020295,0.361957994992177,0.56035273265816,0.645946693746183,0.671858479534984,0.361590883667703,0.479821571482917,0.0927189988623436,0.234314794620138,0.743959772204047,0.320209235975415,1.48840869090784,0.371134020618557,0.610738255033557,0.369127516778524,0.40650406504065,0.370731707317073,0.598373983739837,11.62099985,1.383,17.4,22.46666654,17.67,26.32,9.946333329,3.023,17.85,20.63333352,14.05,25.59,23.04000028,15.5,37.09,22.43666649,18.73,26.68,17.67599964,9.308,27.64,19.13000011,14.97,24.15,9.25366656,5.601,13.46,21.17999935,14.03,28.05,4.999666691,4.544,5.423,21.30000019,14.56,26.97,9.947333177,7.152,11.4,22.99666659,21.01,24.93,24.18833351,9.975,41.7,18.36999989,10.79,23.74,14.3233331,12.08,16.9,22.53999964,17.89,26.5,18.63533338,9.046,29.07,18.99666691,12.38,25.02,19.92666721,12.06,27.1,23.37333298,19.98,26.01,8.788333257,7.51,10.03,21.84333356,17.13,27.03,16.47066641,7.372,23.05,22.41999944,17.89,26.23,19.70066643,5.174,45.89,20.763333,17.14,24.34,2.591600006,0.2258,4.487,25.50666682,17.84,30.41,3.631266733,0.8178,8.175,20.12333361,13.92,24.79
px474x58,https://fishair.org/hdr-share/ftp/ark/89609/seg/GLIN/INHS/zc44sg1h.png,https://fishair.org/hdr-share/ftp/ark/89609/bb/GLIN/INHS/0h59bd3d.png,Lepomis,Centrarchidae,Lepomis cyanellus,1988,40.379,-87.95068,Illinois,Champaign,Ohio River Basin,20,218,0.0407097988450419,58.9088766269476,2.90776844589418,0.379023026386709,0.605480536421124,0.625987135155556,0.713172841907358,0.370646689855369,0.46396254616296,0.0935047688035736,0.242735944437118,0.734567087197972,0.325664934790889,1.37296316075557,0.341013824884793,0.588235294117647,0.404411764705882,0.404676258992806,0.388489208633094,0.634892086330935,12.60500034,1.185,19.69,25.25,19.59,29.77,5.338666757,3.829,7.512,22.66666635,14.71,28.22,20.58000024,13.31,28.87,26.07666715,22.44,30.45,9.468333403,7.777,12.3,21.24000041,16.27,26.85,5.012999932,3.101,7.547,23.6200002,15.08,31.25,1.758000016,1.264,2.303,23.23333295,15.48,29.05,9.946333567,4.767,17.18,26.46666654,25.02,28.05,10.54366668,4.871,16.52,20.88666693,11.55,26.95,10.2516667,6.689,15.12,25.40333366,19.69,29.84,13.79399983,5.532,20.63,20.91999976,12.96,27.81,16.55666637,10.19,20.75,26.74666723,22.68,29.2,5.358999968,3.669,7.6,24.74000041,18.73,31.2,14.1299998,10.7,16.74,25.49666659,20.81,29.08,16.11033312,4.441,33.82,23.00333341,18.68,27.46,4.557000001,2.098,6.094,29.02333387,20.08,34.54,2.036333323,1.425,2.93,22.3933328,14.58,27.46
qs63fm91,https://fishair.org/hdr-share/ftp/ark/89609/seg/GLIN/INHS/rv74h86q.png,https://fishair.org/hdr-share/ftp/ark/89609/bb/GLIN/INHS/2r47jj7n.png,Lepomis,Centrarchidae,Lepomis cyanellus,1987,40.38638,-88.4038,Illinois,Champaign,Upper Mississippi River Basin,27,958,0.0383098285132005,69.2807075740911,2.5846736849143,0.364783219762277,0.566025161750064,0.644464671207234,0.742975685983722,0.371711407293652,0.447103941941759,0.0913216680954062,0.235662507427213,0.742816399286988,0.284540632127116,1.34667217938635,0.383783783783784,0.595238095238095,0.380952380952381,0.390119250425894,0.37649063032368,0.632027257240204,5.288400084,0.2832,10.63,22.07000033,17.11,26.09,3.577999989,1.454,5.618,21.17333349,13.43,26.55,16.4266669,13.2,21.2,22.70999972,19.65,26.43,16.82333342,15.28,17.91,18.79666646,14.5,23.59,8.810333252,6.669,11.82,20.63333352,13.39,27.28,5.471999963,4.895,6.059,20.55333328,13.66,25.76,7.79700009,7.401,8.277,22.97333336,21.6,24.42,12.17299986,6.536,22.99,18.20999972,10.24,23.38,13.8166666,11.83,15.96,22.14333344,17.4,25.87,14.2130003,8.669,20.29,18.57666651,11.68,24.58,21.29000028,13.4,32.7,23.61666679,20.28,25.75,10.69500001,9.455,11.47,21.69333331,16.41,26.87,12.36299992,6.549,18.67,22,17.62,25.24,17.11433379,6.319,37.06,20.21999995,16.52,23.93,2.832466682,0.7054,4.603,25.06666692,17.45,29.9,1.562066694,0.7782,2.456,19.66666635,12.72,24.23
1b924c52,https://fishair.org/hdr-share/ftp/ark/89609/seg/GLIN/INHS/mq25x683.png,https://fishair.org/hdr-share/ftp/ark/89609/bb/GLIN/INHS/gj103n2k.png,Lepomis,Centrarchidae,Lepomis cyanellus,1995,40.51988,-90.38064,Illinois,Fulton,Upper Mississippi River Basin,27,921,0.041382696306607,58.7644868677955,2.86279187578963,0.370741002365487,0.579503908122024,0.639755827647363,0.706008628764699,0.419122942152844,0.502044623957816,0.102456140350877,0.239030458910524,0.736479402843204,0.32941414386976,1.31499974093468,0.435483870967742,0.645390070921986,0.361702127659574,0.423407917383821,0.373493975903614,0.593803786574871,28.64000003,6.67,47.05,22.25333341,17.34,26.12,32.01000118,11.96,66.62,20.25333309,13.47,25.15,75.22333272,51.72,122.2,22.41666667,18.84,26.52,50.61333211,35.85,75.77,18.88000011,14.71,23.81,24.8100001,17.02,30.73,20.88666693,13.61,27.76,14.38333352,13.68,15.04,21.0733331,14.18,26.73,35.83999952,31.22,44.13,22.87333298,20.96,24.7,60.486667,30.74,84.46,18.24666659,10.52,23.65,40.31333415,36.4,42.83,22.36666679,17.66,26.32,50.70333227,24.96,80.99,18.77000014,11.96,24.75,60.46666718,39.28,79.55,23.26999982,19.83,25.91,29.57000033,24.71,32.06,21.57999992,16.63,26.95,45.6433328,29.15,59.86,22.29999924,17.72,26.13,42.46333249,14.52,83.06,20.45666695,16.6,24.36,10.72300013,3.319,15.31,25.29000028,17.62,30.04,13.87266684,7.39,26.36,19.81000042,13.38,24.54
kp14hp2q,https://fishair.org/hdr-share/ftp/ark/89609/seg/GLIN/INHS/r4930w5z.png,https://fishair.org/hdr-share/ftp/ark/89609/bb/GLIN/INHS/sj06wk2g.png,Lepomis,Centrarchidae,Lepomis cyanellus,1988,40.67838,-88.00786,Illinois,Iroquois,Upper Mississippi River Basin,27,885,0.0404120979413985,53.4349469933245,3.19000474099618,0.362411110930082,0.564623765697635,0.641863012057766,0.723751290920246,0.39223967398176,0.396907381133588,0.091469681397739,0.24791072156543,0.729412963717896,0.330387413989581,1.34369895258938,0.382198952879581,0.604838709677419,0.379032258064516,0.407272727272727,0.385454545454545,0.62,5.358666738,1.868,10.06,21.62333298,16.71,25.69,2.426633318,0.6769,3.54,20.55666669,12.76,25.58,4.690666596,3.884,5.924,22.22333336,19.31,25.79,3.000333309,2.214,3.574,18.36666679,14.34,22.95,2.069666704,1.256,3.276,20.263333,12.92,26.98,1.040000002,1.003,1.109,20.06333351,13.43,24.83,2.167666634,1.551,2.48,22.6433328,21.3,24.14,2.355333368,1.067,3.891,17.93666681,10.03,23.26,4.035333236,3.406,5.001,21.71000036,16.6,25.62,6.451000214,2.571,10.35,18.01666673,11.13,24.02,6.355666637,3.782,9.903,23.05666669,19.56,25.18,2.241000017,1.964,2.517,21.37333298,16.06,26.84,3.29399991,2.142,4.332,21.75,17.38,25,5.346999923,1.061,13.49,19.84999975,16.1,23.63,0.813833356,0.2637,1.218,24.96999995,17.22,29.91,0.837499996,0.5941,1.058,19.32666651,12.6,23.9
w544jb55,https://fishair.org/hdr-share/ftp/ark/89609/seg/GLIN/INHS/zb31g10m.png,https://fishair.org/hdr-share/ftp/ark/89609/bb/GLIN/INHS/2g06zh4n.png,Lepomis,Centrarchidae,Lepomis cyanellus,1968,40.71605,-90.55094,Illinois,Warren,Upper Mississippi River Basin,27,880,0.0314075283382562,60.1366119502545,2.96056860671996,0.372278962949879,0.585191434841478,0.636166117247983,0.730181969657056,0.379347791459696,0.506381650063268,0.0803644975288303,0.257435190584743,0.721876159677676,0.298775623318277,1.36777195011349,0.353982300884956,0.570469798657718,0.369127516778524,0.401652892561983,0.381818181818182,0.613223140495868,1.782133361,0.2654,2.592,21.24333382,17.09,24.52,1.92476666,0.2903,3.371,20.39666684,13.59,25.49,3.345333417,2.2,5.353,20.75333341,17.16,24.99,2.902333339,1.585,4.231,17.52333291,13.62,22.4,1.335199972,0.7696,2.122,20.10000038,13.07,26.61,0.700299998,0.6404,0.7561,19.69666704,12.95,25.29,1.701333324,1.325,2.076,21.61666679,19.81,23.43,3.617333452,1.547,5.352,17.17199993,9.516,22.38,2.344000101,2.176,2.64,21.33666674,17.02,24.96,3.328333338,1.183,4.614,17.43666649,11.15,23.5,3.05399998,2.27,4.152,21.53000005,18.4,24.09,1.345666687,1.006,1.939,20.57666651,15.82,26.17,2.339999954,0.947,4.16,21.19000053,17.28,24.68,2.372066716,0.5954,5.767,19.53000037,15.78,22.78,0.624069994,0.06701,1.02,25.14333344,17.53,30.05,0.966399988,0.3297,1.683,19.14000003,13.01,23.89
n0535p5p,https://fishair.org/hdr-share/ftp/ark/89609/seg/GLIN/INHS/hw357w9b.png,https://fishair.org/hdr-share/ftp/ark/89609/bb/GLIN/INHS/7g95s96s.png,Lepomis,Centrarchidae,Lepomis cyanellus,1990,40.73337,-90.74982,Illinois,Warren,Upper Mississippi River Basin,27,876,0.0403517408864713,56.7070255780164,3.00916780001705,0.374506889472401,0.598571752820517,0.625667495513603,0.739502950189679,0.39141664188836,0.428059209519878,0.0919494646195683,0.277688628783588,0.696778050468819,0.323516732849491,1.3377043078446,0.367441860465116,0.578571428571429,0.378571428571429,0.387719298245614,0.384210526315789,0.628070175438596,1.485599995,0.2528,2.3,23.10333316,18.51,26.82,2.662466725,0.8224,3.65,21.29666678,14.05,26.78,4.777666648,3.477,6.14,22.53666623,18.55,27.15,3.71299998,2.489,5.37,19.10999997,15.16,24.29,2.038666685,1.728,2.424,21.08666611,13.9,27.97,1.422000011,1.285,1.565,20.80333328,13.99,26.54,2.330333312,2.17,2.412,22.86333275,21.07,24.81,4.441333214,2.531,5.567,18.4466664,10.45,24.01,3.050000032,2.86,3.239,22.53666687,18.04,26.59,4.068666617,2.29,4.983,18.65333303,12.1,24.8,3.35133338,2.637,3.901,23.63666725,20.37,26.26,2.161000053,1.992,2.341,21.96333313,17,27.46,2.655666669,1.977,3.085,22.48666636,17.91,26.56,3.617000024,1.714,7.104,20.69666672,16.52,24.35,0.711866657,0.3426,1.068,25.47666677,17.84,30.34,0.908099989,0.3341,1.438,19.84000047,13.71,24.45
42078m28,https://fishair.org/hdr-share/ftp/ark/89609/seg/GLIN/INHS/rr79jr9g.png,https://fishair.org/hdr-share/ftp/ark/89609/bb/GLIN/INHS/rz263v8j.png,Lepomis,Centrarchidae,Lepomis cyanellus,2000,40.7957,-88.011,Illinois,Iroquois,Upper Mississippi River Basin,27,870,0.0295349178862814,59.2752584339557,2.91771515157861,0.372065771112355,0.584411621051686,0.636650192620741,0.711806443822924,0.360986215621747,0.512102641942541,0.0965128566396619,0.25537465143474,0.719978411441936,0.329011756904905,1.3973451315104,0.336538461538462,0.597122302158273,0.37410071942446,0.410526315789474,0.370175438596491,0.601754385964912,2.895466646,0.7154,5.907,19.77333323,16.09,22.13,1.49909999,0.3753,2.649,15.52666664,11.33,18.29,2.453999996,2.087,2.901,20.42333285,17.3,24.13,1.781999985,1.338,2.294,17.04666678,13.06,21.46,1.211866677,0.7597,1.95,19.32333342,12.29,25.42,0.629033327,0.5994,0.6766,18.88666693,12.45,23.59,1.197166642,0.9815,1.435,21.52333387,20.29,22.87,1.333933314,0.6158,2.179,16.9173336,9.462,21.94,2.245666742,1.94,2.775,20.5600001,15.59,24.07,3.624333382,1.483,6.393,16.78000005,10.43,22.52,3.635333379,2.033,5.453,20.55666733,17.45,22.37,1.315999985,1.17,1.515,19.56666692,15,24.86,1.926333308,1.148,2.8,20.73333359,17.07,23.6,3.072466632,0.6618,7.811,18.64999994,15.05,22.22,0.494799982,0.1862,0.7484,24.11666616,16.66,28.89,0.525833329,0.4454,0.6157,18.43333308,11.92,22.75
p153qx93,https://fishair.org/hdr-share/ftp/ark/89609/seg/GLIN/INHS/nh97xf73.png,https://fishair.org/hdr-share/ftp/ark/89609/bb/GLIN/INHS/bt67q09g.png,Lepomis,Centrarchidae,Lepomis cyanellus,2000,40.81721,-87.72087,Illinois,Iroquois,Upper Mississippi River Basin,27,873,0.0370018631899608,59.1559086646768,3.1836007786392,0.365275945105311,0.56950112722402,0.641396351374781,0.749730426210615,0.378671441951651,0.480936751686751,0.0961213108590764,0.239089724190625,0.737928658107238,0.318912755853152,1.39624521960391,0.386243386243386,0.661538461538462,0.384615384615385,0.401360544217687,0.357142857142857,0.61734693877551,25.63333289,10.21,34.37,21.09999975,16.05,25.17,15.45900027,9.517,19.74,19.25000032,11.7,24.02,27.31666692,19,36.65,22.0733331,19.36,25.56,16.30000019,13.96,19.18,17.97666677,13.76,22.81,16.2566665,11.28,19.43,19.5466671,12.02,26.53,6.697666645,5.988,7.777,19.58333333,12.83,24.48,19.85333316,14.23,25.55,22.35666656,21.03,23.83,11.9933335,10.11,13.27,17.61600049,9.618,23.04,25.08666674,20.26,28.94,21.43666712,16.41,25.37,29.8100001,20.89,39.68,17.71333345,10.37,23.69,28.94333331,24.17,35.89,22.90999985,19.31,25.09,15.96666654,11.61,20.82,21.13333321,15.6,26.73,22.72666677,21.52,25.02,21.3799998,16.8,24.7,21.82999961,10.87,32.76,19.29999987,15.52,23.33,8.021333536,5.762,10.43,24.29333305,16.46,29.4,5.688333511,4.261,8.277,19.06999969,11.99,23.74
mj61sn0p,https://fishair.org/hdr-share/ftp/ark/89609/seg/GLIN/INHS/7k831g09.png,https://fishair.org/hdr-share/ftp/ark/89609/bb/GLIN/INHS/0q340g77.png,Lepomis,Centrarchidae,Lepomis cyanellus,1987,40.99726,-86.63097,Indiana,Pulaski,Ohio River Basin,20,78,0.0365371702605813,57.8768986563039,2.90953664002604,0.383076205604266,0.617502214477424,0.620364100116553,0.700250644343516,0.373481040445751,0.443074236748915,0.0868016285908166,0.251708039171032,0.726443293099522,0.315648712922839,1.39894499934704,0.381909547738693,0.578571428571429,0.335714285714286,0.387263339070568,0.390705679862306,0.61617900172117,53.4766655,38.45,64.88,22.5,17.19,26.55,26.42333285,21.66,29.14,19.87333361,12.23,25.27,53.60333252,31.8,75.17,22.96333313,20.38,26.48,24.02333323,18.49,27.56,18.35666656,13.83,23.53,25.66000017,12.03,38.75,19.98333295,12.23,26.99,6.852000237,4.997,8.897,19.95666695,12.82,25.12,29.42666753,15.67,47.24,23.54333305,22.66,24.9,20.24666659,15.99,24.75,18.32733345,9.962,23.98,30.50666746,15.6,47.4,22.12666639,16.97,25.92,44.5,17.5,63.77,18.26999982,10.76,24.56,39.70999972,31.74,49.55,23.97666677,20.13,26.02,13.99100018,9.593,19.5,22.13666662,16.67,28.17,32.49999936,25.22,37.07,22.36666679,17.88,25.68,34.86333307,12.06,65.85,19.94000053,16.19,24.19,6.953333378,4.463,8.706,25.65333366,17.61,30.66,7.468666712,4.837,10.93,20.19666672,12.85,24.98
t405bd9d,https://fishair.org/hdr-share/ftp/ark/89609/seg/GLIN/INHS/0j71tw8g.png,https://fishair.org/hdr-share/ftp/ark/89609/bb/GLIN/INHS/76175r1h.png,Lepomis,Centrarchidae,Lepomis cyanellus,1995,41.04055,-89.83451,Illinois,Stark,Upper Mississippi River Basin,27,847,0.0381636172511159,67.9503213093829,2.71947996979944,0.381089137250095,0.605344940425077,0.629540468253508,0.722939462009713,0.376269327553924,0.478686088436251,0.0830874604847208,0.262575397044989,0.715607880028775,0.298306598811515,1.38370168770156,0.350710900473934,0.6,0.38,0.408849557522124,0.376991150442478,0.615929203539823,6.171966771,0.9019,11.63,21.38333321,16.72,25.32,6.447333177,1.277,10.19,20.46666654,12.82,25.95,15.33733336,9.172,24.18,21.96333313,18.42,26.13,11.82666651,9.93,13.9,18.23000018,14.33,23.32,5.637666702,4.446,6.907,20.08666674,12.74,27.1,3.67900006,3.305,4.058,20.24000041,13.51,25.51,7.993000031,7.455,8.347,22.21333313,20.59,23.89,9.280333201,6.718,13.62,17.58733304,9.802,22.96,7.583999952,6.805,8.071,21.51666641,17.05,25.47,10.17933337,5.752,15.05,17.70333354,10.9,23.87,13.53333314,10.03,17.33,22.92666626,19.56,25.3,6.997999986,5.67,8.752,21.02666664,16.13,26.59,7.653000037,4.254,13.29,21.5,17.03,25.23,7.858666738,3.441,15.93,19.88000043,16.04,23.62,1.686999997,1.008,2.214,24.63999939,16.71,29.5,1.372233351,0.9497,2.148,19.10333379,12.51,23.77
d3698w9c,https://fishair.org/hdr-share/ftp/ark/89609/seg/GLIN/INHS/rj469m2w.png,https://fishair.org/hdr-share/ftp/ark/89609/bb/GLIN/INHS/r302j05h.png,Lepomis,Centrarchidae,Lepomis cyanellus,1991,41.3416,-89.73155,Illinois,Bureau,Upper Mississippi River Basin,27,761,0.0407166034602901,64.4352496791508,2.65727910546671,0.378988957672698,0.60645467405221,0.624925446019516,0.719155791594889,0.386792429985513,0.465747702127995,0.0905150170296212,0.241238935849714,0.736925317763641,0.310843431180914,1.33357539553951,0.390625,0.578947368421053,0.355263157894737,0.392156862745098,0.415329768270945,0.63458110516934,1.252266675,0.3148,1.891,18.73000018,14.6,21.2,2.303799987,0.5504,4.389,14.65666644,10.95,17.58,3.380999962,2.617,4.489,18.55333328,15.75,22.13,3.817000071,3.443,4.051,16.1766669,12.17,20.86,1.63499999,1.36,2.013,19.15666676,12.05,25.56,1.143333356,1.039,1.246,18.84333356,12.25,23.95,2.022333384,1.878,2.14,20.66333326,19.08,22.14,2.399333318,2.326,2.541,16.18466663,9.054,21.23,2.025333285,1.66,2.218,20.24000041,15.58,23.94,2.427000006,1.985,2.724,16.3476661,9.953,22.21,2.955000003,2.405,3.555,20.42000008,17.04,23,1.707999984,1.506,1.938,19.69666672,15,25.52,1.924000025,1.365,2.845,20.39000003,16.51,23.59,2.075000008,1.125,3.861,18.52333355,14.64,22.25,0.44903333,0.3012,0.5911,23.67000008,16.14,28.2,0.324533333,0.2787,0.3882,18.16999976,11.78,22.63
7v25m89s,https://fishair.org/hdr-share/ftp/ark/89609/seg/GLIN/INHS/x4517j0v.png,https://fishair.org/hdr-share/ftp/ark/89609/bb/GLIN/INHS/g4852r30.png,Lepomis,Centrarchidae,Lepomis cyanellus,1999,41.36504,-89.56846,Illinois,Bureau,Upper Mississippi River Basin,27,778,0.0414152318675221,65.7585980585893,2.52914548711649,0.367725524984358,0.572636696120617,0.642161998131712,0.676678002607728,0.394113657715201,0.450469959677055,0.0977921321543919,0.236833525605658,0.740006018959723,0.314096219202637,1.48004469371448,0.38860103626943,0.61038961038961,0.37012987012987,0.41421143847487,0.374350086655113,0.608318890814558,1.573899984,0.5767,2.247,20.8933328,17.65,23.81,3.19509999,0.8943,5.153,18.96000036,12.09,23.95,3.982333263,3.282,5.358,20.20000013,17.03,23.77,4.174000025,3.771,4.807,16.91666667,12.84,22.01,1.755333304,1.441,2.182,19.71999995,12.4,26.44,1.200666626,1.096,1.313,19.52999973,12.86,24.74,2.268999974,1.73,2.761,21.32666715,19.5,23.28,2.725666602,2.271,3.165,16.92433294,9.253,22.13,2.42233332,2.263,2.555,20.8233331,16.32,24.51,3.140333255,2.202,3.823,16.94000022,10.39,23.17,3.366333326,3.002,3.56,21.486667,18.2,23.82,2.062999964,1.79,2.399,20.37999948,15.44,26.24,1.962333322,1.621,2.472,21.10666656,16.95,24.49,1.825333357,1.263,2.805,19.36333307,15.47,22.98,0.528399994,0.4016,0.6871,24.71666718,16.95,29.54,0.483999987,0.375,0.6209,18.986667,12.16,23.79
c875pr7n,https://fishair.org/hdr-share/ftp/ark/89609/seg/GLIN/INHS/bt02b84c.png,https://fishair.org/hdr-share/ftp/ark/89609/bb/GLIN/INHS/bq97rf0q.png,Lepomis,Centrarchidae,Lepomis cyanellus,1993,41.37623,-88.16659,Illinois,Will,Upper Mississippi River Basin,27,769,0.0296404937919851,60.121247753082,2.87006071643924,0.386347316160813,0.620724192723695,0.622413820324204,0.736882093577431,0.372626246198164,0.413626025101048,0.100160624139514,0.262506400024094,0.711200795108876,0.327917748199738,1.32750790982066,0.339449541284404,0.587412587412587,0.363636363636364,0.396428571428571,0.383928571428571,0.610714285714286,16.78099982,6.533,30.07,20.95000013,16.22,24.79,13.64666684,4.26,21.33,19.42000039,12.63,24.19,23.80333328,14.75,35.71,21.62333298,18.53,25.38,19.37666702,17.08,23.87,18.07999961,14.19,22.8,11.28299999,7.689,15.76,19.66333326,12.1,26.76,7.197333495,6.655,8.121,19.97666645,13.44,24.74,11.66333326,11.37,12.18,22.16333326,20.88,23.77,8.964333375,5.543,14.95,17.82666651,10.16,23.17,19.04999987,13.15,24.99,21.30666733,16.28,25.28,19.69666704,14.36,24.28,17.75666714,10.95,23.7,22.99333382,20.7,24.41,22.76999982,19.22,25.14,11.73433304,9.373,16.22,21.16333357,15.89,26.87,14.72433329,7.853,18.65,21.3700002,16.67,25.01,9.890666644,5.308,17.91,19.69333331,15.91,23.74,5.879333337,2.664,8.54,24.39666684,16.34,29.31,6.130666574,4.626,7.325,19.15666676,12.46,23.56
d8510102,https://fishair.org/hdr-share/ftp/ark/89609/seg/GLIN/INHS/6296fc87.png,https://fishair.org/hdr-share/ftp/ark/89609/bb/GLIN/INHS/6k38tz4p.png,Lepomis,Centrarchidae,Lepomis cyanellus,1964,41.42743,-88.77389,Illinois,LaSalle,Upper Mississippi River Basin,27,776,0.0336759356060068,60.230971983111,2.85166521265295,0.387007898372869,0.626027690397444,0.618196134626521,0.714654273204833,0.395672878665668,0.48502702399325,0.0942601056567935,0.240919231209244,0.736371696602219,0.320912752163367,1.36362698231478,0.405128205128205,0.621212121212121,0.371212121212121,0.404293381037567,0.395348837209302,0.633273703041145,43.24000041,26.2,62.66,21.19666672,16.62,24.91,44.37333234,15.85,83.31,19.37333298,12.59,24.14,84.60666656,60.86,119.5,21.75666682,18.59,25.5,69.30000305,64.48,73.48,18.22333336,14.27,23.21,44.32666779,31.18,58.58,20.10333347,12.63,27.02,27.95666695,26.61,28.92,20.07666651,13.23,25.27,37.73000018,28.49,51.52,22.35666593,20.88,23.89,39.01666768,28.11,58.9,17.71666686,10.06,23.11,59.00333405,47.79,80.4,21.4266669,16.62,25.38,59.96999868,46,81.49,17.74666659,11.08,23.93,74.38666789,65.36,88.07,22.82666651,19.41,25.15,39.64666621,33.62,43.94,21.21999995,16.19,26.83,45.04666646,37.37,58.07,21.72333336,17.1,25.19,28.74666723,20.86,37.9,19.99333382,16.19,23.77,14.84200033,8.546,19.62,24.65333303,16.48,29.71,14.68666681,11.38,18.92,19.20333322,12.46,23.93
hq422x61,https://fishair.org/hdr-share/ftp/ark/89609/seg/GLIN/INHS/j775g909.png,https://fishair.org/hdr-share/ftp/ark/89609/bb/GLIN/INHS/d552z204.png,Lepomis,Centrarchidae,Lepomis cyanellus,1969,41.54015,-89.70017,Illinois,Bureau,Upper Mississippi River Basin,27,751,0.0417295143206803,61.2563924165924,2.88287709519578,0.367337043872123,0.572969578876858,0.641110902593085,0.700308444292389,0.370861216315802,0.495976356142178,0.0795726448166491,0.253262493305899,0.726584740268891,0.295607809777651,1.43051915362561,0.358208955223881,0.604166666666667,0.347222222222222,0.368686868686869,0.38047138047138,0.624579124579125,10.52900012,3.534,18.18,20.8233331,16.32,24.68,13.96433306,3.383,25.88,19.63000011,11.72,25.19,21.60666656,17,29.3,21.55000051,17.95,25.79,21.98666636,20.53,22.97,17.64333344,13.76,22.85,10.14133326,7.847,12.58,19.44333363,11.89,26.44,6.5030001,5.866,7.144,19.3100001,12.52,24.48,9.319666545,7.495,11.95,21.73000018,20.29,23.39,10.25633319,6.919,15.69,17.15100066,9.213,22.7,12.92000008,11.13,14.97,20.88333321,16.2,24.9,12.26666641,10.11,14.96,17.02266661,9.998,23.42,14.83333333,12.55,16.39,22.33333333,19,24.81,8.53733333,7.473,9.447,20.4933335,15.31,26.37,9.407999992,8.975,10.15,21.04000028,16.41,24.69,7.381999969,5.819,9.67,19.34666665,15.61,23.08,2.097333352,1.448,2.714,24.15000025,16.19,28.92,1.60133334,1.371,2.014,18.49666659,11.74,23.14
pk74xz86,https://fishair.org/hdr-share/ftp/ark/89609/seg/GLIN/INHS/rp11qg53.png,https://fishair.org/hdr-share/ftp/ark/89609/bb/GLIN/INHS/6z929t0p.png,Lepomis,Centrarchidae,Lepomis cyanellus,1966,41.57489,-90.25562,Illinois,Rock Island,Upper Mississippi River Basin,27,744,0.0277740618135563,61.4615601306877,2.7778009362701,0.367457203825038,0.578348229303652,0.635356322033643,0.733836712405951,0.361672868458611,0.479691809438551,0.104055944055944,0.253115264797508,0.720546587369017,0.323103854958668,1.36135138986494,0.362694300518135,0.557046979865772,0.36241610738255,0.401754385964912,0.384210526315789,0.596491228070175,119.5333354,80.3,168.6,21.57999992,16.98,25.02,127.703331,65.99,221.2,19.44333331,12.75,24.4,354.5666707,249.6,516.2,21.8700002,18,26.28,262.9666646,240.5,289.8,18.31333319,14.47,23.65,184.6333313,130.5,242,20.71666686,13.44,27.43,104.0800018,96.94,112.3,19.96999995,13.35,25.59,190.7333323,137,233.9,22.11666616,20.21,24.32,191.0666656,175.2,217.4,17.9156669,9.727,23.25,240.5000102,170.6,292.7,21.89999962,17.15,26.07,232.0666707,163.7,327.7,17.98666668,11.56,24.1,219.0999959,193.4,248,22.86333338,19.68,25.46,155.5333303,142.4,172.9,21.36999957,16.16,27.3,164.9666646,122.7,198.4,21.9266669,17.69,25.65,119.753334,91.56,145.6,20.20333354,15.83,23.84,53.13999939,39.78,71.36,24.88666662,17.31,29.56,66.56333288,32.79,119.7,19.33333333,13.17,23.76
xd89j731,https://fishair.org/hdr-share/ftp/ark/89609/seg/GLIN/INHS/mc50wm5f.png,https://fishair.org/hdr-share/ftp/ark/89609/bb/GLIN/INHS/6f08pn9m.png,Lepomis,Centrarchidae,Lepomis cyanellus,2005,42.4313,-88.3401,Illinois,McHenry,Upper Mississippi River Basin,27,635,0.0376553267667217,66.125653813812,2.83226116827904,0.37755904207907,0.605029653086777,0.624033946357532,0.770237575731606,0.369514527451447,0.496575112366231,0.0907437177426178,0.270541242718002,0.704908839115058,0.309800262556085,1.31780268257808,0.329218106995885,0.578313253012048,0.379518072289157,0.38610662358643,0.382875605815832,0.631663974151858,2.542333444,1.144,4.366,20.42999999,15.56,24.88,4.531333407,1.195,6.797,19.40999985,12.02,24.8,5.429333369,4.495,6.73,20.98999977,17.47,25.29,5.834333261,4.869,6.493,16.97999986,12.92,22.41,3.986666759,2.977,5.635,18.79333337,11.05,26.03,2.548333327,2.358,2.748,18.47666677,11.98,23.5,2.732333263,2.27,3.281,20.85333379,19.19,22.95,2.948333263,2.283,3.972,17.08066686,8.902,22.69,4.772333384,3.282,7.063,20.10333316,15.08,24.59,3.94233338,2.822,4.767,16.7329998,9.909,23.07,5.240666548,4.838,5.533,21.98000018,18.18,24.62,3.288999955,2.783,3.633,20.31333288,14.73,26.5,3.068999926,2.258,3.827,20.33333333,15.4,24.1,1.973999977,1.599,2.419,19.07000001,15.14,22.92,1.234033346,0.7033,2.003,23.2433335,15.12,28.36,1.458999991,1.061,2.158,18.22333336,11.51,22.67
0b70s556,https://fishair.org/hdr-share/ftp/ark/89609/seg/GLIN/INHS/2w25kk24.png,https://fishair.org/hdr-share/ftp/ark/89609/bb/GLIN/INHS/rc04sb1d.png,Lepomis,Centrarchidae,Lepomis cyanellus,1990,42.46503,-88.29997,Illinois,McHenry,Upper Mississippi River Basin,27,635,0.0435076453039499,56.4535867274797,2.9784928333571,0.356717421586408,0.553105142807971,0.644936005793486,0.723926377907941,0.400537573657123,0.446498210530503,0.108779169038133,0.242357363311895,0.731279204096764,0.342321967414582,1.3957120206156,0.328638497652582,0.582677165354331,0.354330708661417,0.405660377358491,0.39811320754717,0.622641509433962,2.542333444,1.144,4.366,20.42999999,15.56,24.88,4.531333407,1.195,6.797,19.40999985,12.02,24.8,5.429333369,4.495,6.73,20.98999977,17.47,25.29,5.834333261,4.869,6.493,16.97999986,12.92,22.41,3.986666759,2.977,5.635,18.79333337,11.05,26.03,2.548333327,2.358,2.748,18.47666677,11.98,23.5,2.732333263,2.27,3.281,20.85333379,19.19,22.95,2.948333263,2.283,3.972,17.08066686,8.902,22.69,4.772333384,3.282,7.063,20.10333316,15.08,24.59,3.94233338,2.822,4.767,16.7329998,9.909,23.07,5.240666548,4.838,5.533,21.98000018,18.18,24.62,3.288999955,2.783,3.633,20.31333288,14.73,26.5,3.068999926,2.258,3.827,20.33333333,15.4,24.1,1.973999977,1.599,2.419,19.07000001,15.14,22.92,1.234033346,0.7033,2.003,23.2433335,15.12,28.36,1.458999991,1.061,2.158,18.22333336,11.51,22.67
m793vh2w,https://fishair.org/hdr-share/ftp/ark/89609/seg/GLIN/INHS/2m71ss5p.png,https://fishair.org/hdr-share/ftp/ark/89609/bb/GLIN/INHS/6r36139d.png,Lepomis,Centrarchidae,Lepomis cyanellus,1998,42.48553,-89.13694,Illinois,Winnebago,Upper Mississippi River Basin,27,627,0.0420831822020332,59.4940928513212,2.82121020519745,0.377610175627912,0.594655234444861,0.635006897703388,0.701493010212702,0.389487750706232,0.494588365882076,0.0897288842544317,0.257218340552791,0.71970174473963,0.320636540273388,1.43444229688332,0.330434782608696,0.620689655172414,0.337931034482759,0.396933560477002,0.385008517887564,0.62350936967632,37.16666603,10.85,56.67,20.15333366,15.92,23.79,25.40666707,17.36,31.78,18.32333342,11.44,23.34,88.9966685,71.75,122.8,20.66999944,17.23,24.71,77.39666494,70.29,81.45,16.89666684,13.12,22.04,40.90333303,32.2,51.6,19.15000057,11.64,26.04,26.76999982,24.76,28.89,18.73333327,12.21,23.85,60.56666692,43.34,78.86,21.1899999,19.74,23.03,59.26666641,54.2,67.53,17.03833326,9.105,22.45,76.6566658,49.19,114.4,20.46999963,15.78,24.55,74.03333282,44.03,101.5,16.58300018,9.889,22.95,56.95666504,46.01,62.51,21.80666669,18.42,24.05,40.6566658,33.17,48.35,20.0733331,14.73,26.25,42.0966657,34.44,52.55,20.82333374,16.2,24.57,29.9533329,23.65,36.42,19.0533336,15.12,22.87,15.86866697,9.886,19.94,23.60333347,15.64,28.42,24.06333351,10.6,34.11,18.2300005,11.56,22.62
